0,0,0,0,0,0,0,0,-0.005,0,0,6.2499e-08,1,0,0,0,1,0,0,0
0,0,-2.5e-07,0,0,-4.9999e-05,0,0,-0.0049999,0,0,1.875e-07,1,0,0,0,1,0,0,0
0,0,-9.9998e-07,0,0,-9.9998e-05,0,0,-0.0049998,0,0,3.1249e-07,1,0,0,0,1,0,0,0
0,0,-2.2499e-06,0,0,-0.00014999,0,0,-0.0049996,0,0,4.3748e-07,1,0,0,0,1,0,0,0
0,0,-3.9999e-06,0,0,-0.00019999,0,0,-0.0049995,0,0,5.6247e-07,1,0,0,0,1,0,0,0
0,0,-6.2497e-06,0,0,-0.00024998,0,0,-0.0049994,0,0,6.8745e-07,1,0,0,0,1,0,0,0
0,0,-8.9996e-06,0,0,-0.00029998,0,0,-0.0049993,0,0,8.1243e-07,1,0,0,0,1,0,0,0
0,0,-1.2249e-05,0,0,-0.00034997,0,0,-0.0049991,0,0,9.3741e-07,1,0,0,0,1,0,0,0
0,0,-1.5999e-05,0,0,-0.00039996,0,0,-0.004999,0,0,1.0624e-06,1,0,0,0,1,0,0,0
0,0,-2.0248e-05,0,0,-0.00044995,0,0,-0.0049989,0,0,1.1874e-06,1,0,0,0,1,0,0,0
0,0,-2.4998e-05,0,0,-0.00049994,0,0,-0.0049988,0,0,1.3123e-06,1,0,0,0,1,0,0,0
0,0,-3.0247e-05,0,0,-0.00054992,0,0,-0.0049986,0,0,1.4373e-06,1,0,0,0,1,0,0,0
0,0,-3.5996e-05,0,0,-0.00059991,0,0,-0.0049985,0,0,1.5623e-06,1,0,0,0,1,0,0,0
0,0,-4.2245e-05,0,0,-0.00064989,0,0,-0.0049984,0,0,1.6872e-06,1,0,0,0,1,0,0,0
0,0,-4.8994e-05,0,0,-0.00069988,0,0,-0.0049983,0,0,1.8122e-06,1,0,0,0,1,0,0,0
0,0,-5.6243e-05,0,0,-0.00074986,0,0,-0.0049981,0,0,1.9371e-06,1,0,0,0,1,0,0,0
0,0,-6.3991e-05,0,0,-0.00079984,0,0,-0.004998,0,0,2.0621e-06,1,0,0,0,1,0,0,0
0,0,-7.224e-05,0,0,-0.00084982,0,0,-0.0049979,0,0,2.187e-06,1,0,0,0,1,0,0,0
0,0,-8.0988e-05,0,0,-0.0008998,0,0,-0.0049978,0,0,2.312e-06,1,0,0,0,1,0,0,0
0,0,-9.0236e-05,0,0,-0.00094977,0,0,-0.0049976,0,0,2.4369e-06,1,0,0,0,1,0,0,0
0,0,-9.9983e-05,0,0,-0.00099975,0,0,-0.0049975,0,0,2.5618e-06,1,0,0,0,1,0,0,0
0,0,-0.00011023,0,0,-0.0010497,0,0,-0.0049974,0,0,2.6868e-06,1,0,0,0,1,0,0,0
0,0,-0.00012098,0,0,-0.0010997,0,0,-0.0049973,0,0,2.8117e-06,1,0,0,0,1,0,0,0
0,0,-0.00013222,0,0,-0.0011497,0,0,-0.0049971,0,0,2.9366e-06,1,0,0,0,1,0,0,0
0,0,-0.00014397,0,0,-0.0011996,0,0,-0.004997,0,0,3.0616e-06,1,0,0,0,1,0,0,0
0,0,-0.00015622,0,0,-0.0012496,0,0,-0.0049969,0,0,3.1865e-06,1,0,0,0,1,0,0,0
0,0,-0.00016896,0,0,-0.0012996,0,0,-0.0049968,0,0,3.3114e-06,1,0,0,0,1,0,0,0
0,0,-0.00018221,0,0,-0.0013495,0,0,-0.0049966,0,0,3.4363e-06,1,0,0,0,1,0,0,0
0,0,-0.00019595,0,0,-0.0013995,0,0,-0.0049965,0,0,3.5612e-06,1,0,0,0,1,0,0,0
0,0,-0.0002102,0,0,-0.0014495,0,0,-0.0049964,0,0,3.6861e-06,1,0,0,0,1,0,0,0
0,0,-0.00022494,0,0,-0.0014994,0,0,-0.0049963,0,0,3.811e-06,1,0,0,0,1,0,0,0
0,0,-0.00024019,0,0,-0.0015494,0,0,-0.0049961,0,0,3.9359e-06,1,0,0,0,1,0,0,0
0,0,-0.00025593,0,0,-0.0015994,0,0,-0.004996,0,0,4.0608e-06,1,0,0,0,1,0,0,0
0,0,-0.00027218,0,0,-0.0016493,0,0,-0.0049959,0,0,4.1857e-06,1,0,0,0,1,0,0,0
0,0,-0.00028892,0,0,-0.0016993,0,0,-0.0049958,0,0,4.3106e-06,1,0,0,0,1,0,0,0
0,0,-0.00030616,0,0,-0.0017492,0,0,-0.0049956,0,0,4.4355e-06,1,0,0,0,1,0,0,0
0,0,-0.0003239,0,0,-0.0017992,0,0,-0.0049955,0,0,4.5604e-06,1,0,0,0,1,0,0,0
0,0,-0.00034214,0,0,-0.0018491,0,0,-0.0049954,0,0,4.6853e-06,1,0,0,0,1,0,0,0
0,0,-0.00036089,0,0,-0.0018991,0,0,-0.0049953,0,0,4.8102e-06,1,0,0,0,1,0,0,0
0,0,-0.00038013,0,0,-0.001949,0,0,-0.0049951,0,0,4.9351e-06,1,0,0,0,1,0,0,0
0,0,-0.00039987,0,0,-0.001999,0,0,-0.004995,0,0,5.0599e-06,1,0,0,0,1,0,0,0
0,0,-0.00042011,0,0,-0.0020489,0,0,-0.0049949,0,0,5.1848e-06,1,0,0,0,1,0,0,0
0,0,-0.00044085,0,0,-0.0020989,0,0,-0.0049948,0,0,5.3097e-06,1,0,0,0,1,0,0,0
0,0,-0.00046208,0,0,-0.0021488,0,0,-0.0049946,0,0,5.4345e-06,1,0,0,0,1,0,0,0
0,0,-0.00048382,0,0,-0.0021988,0,0,-0.0049945,0,0,5.5594e-06,1,0,0,0,1,0,0,0
0,0,-0.00050606,0,0,-0.0022487,0,0,-0.0049944,0,0,5.6843e-06,1,0,0,0,1,0,0,0
0,0,-0.0005288,0,0,-0.0022987,0,0,-0.0049943,0,0,5.8091e-06,1,0,0,0,1,0,0,0
0,0,-0.00055203,0,0,-0.0023486,0,0,-0.0049941,0,0,5.934e-06,1,0,0,0,1,0,0,0
0,0,-0.00057577,0,0,-0.0023986,0,0,-0.004994,0,0,6.0588e-06,1,0,0,0,1,0,0,0
0,0,-0.0006,0,0,-0.0024485,0,0,-0.0049939,0,0,6.1837e-06,1,0,0,0,1,0,0,0
0,0,-0.00062474,0,0,-0.0024984,0,0,-0.0049938,0,0,6.3085e-06,1,0,0,0,1,0,0,0
0,0,-0.00064997,0,0,-0.0025484,0,0,-0.0049936,0,0,6.4334e-06,1,0,0,0,1,0,0,0
0,0,-0.00067571,0,0,-0.0025983,0,0,-0.0049935,0,0,6.5582e-06,1,0,0,0,1,0,0,0
0,0,-0.00070194,0,0,-0.0026482,0,0,-0.0049934,0,0,6.683e-06,1,0,0,0,1,0,0,0
0,0,-0.00072867,0,0,-0.0026982,0,0,-0.0049933,0,0,6.8079e-06,1,0,0,0,1,0,0,0
0,0,-0.0007559,0,0,-0.0027481,0,0,-0.0049931,0,0,6.9327e-06,1,0,0,0,1,0,0,0
0,0,-0.00078363,0,0,-0.002798,0,0,-0.004993,0,0,7.0575e-06,1,0,0,0,1,0,0,0
0,0,-0.00081186,0,0,-0.002848,0,0,-0.0049929,0,0,7.1823e-06,1,0,0,0,1,0,0,0
0,0,-0.00084059,0,0,-0.0028979,0,0,-0.0049928,0,0,7.3072e-06,1,0,0,0,1,0,0,0
0,0,-0.00086982,0,0,-0.0029478,0,0,-0.0049926,0,0,7.432e-06,1,0,0,0,1,0,0,0
0,0,-0.00089955,0,0,-0.0029978,0,0,-0.0049925,0,0,7.5568e-06,1,0,0,0,1,0,0,0
0,0,-0.00092978,0,0,-0.0030477,0,0,-0.0049924,0,0,7.6816e-06,1,0,0,0,1,0,0,0
0,0,-0.0009605,0,0,-0.0030976,0,0,-0.0049923,0,0,7.8064e-06,1,0,0,0,1,0,0,0
0,0,-0.00099173,0,0,-0.0031475,0,0,-0.0049921,0,0,7.9312e-06,1,0,0,0,1,0,0,0
0,0,-0.0010235,0,0,-0.0031974,0,0,-0.004992,0,0,8.056e-06,1,0,0,0,1,0,0,0
0,0,-0.0010557,0,0,-0.0032474,0,0,-0.0049919,0,0,8.1808e-06,1,0,0,0,1,0,0,0
0,0,-0.0010884,0,0,-0.0032973,0,0,-0.0049918,0,0,8.3056e-06,1,0,0,0,1,0,0,0
0,0,-0.0011216,0,0,-0.0033472,0,0,-0.0049916,0,0,8.4304e-06,1,0,0,0,1,0,0,0
0,0,-0.0011553,0,0,-0.0033971,0,0,-0.0049915,0,0,8.5552e-06,1,0,0,0,1,0,0,0
0,0,-0.0011896,0,0,-0.003447,0,0,-0.0049914,0,0,8.68e-06,1,0,0,0,1,0,0,0
0,0,-0.0012243,0,0,-0.0034969,0,0,-0.0049913,0,0,8.8047e-06,1,0,0,0,1,0,0,0
0,0,-0.0012595,0,0,-0.0035469,0,0,-0.0049911,0,0,8.9295e-06,1,0,0,0,1,0,0,0
0,0,-0.0012952,0,0,-0.0035968,0,0,-0.004991,0,0,9.0543e-06,1,0,0,0,1,0,0,0
0,0,-0.0013314,0,0,-0.0036467,0,0,-0.0049909,0,0,9.1791e-06,1,0,0,0,1,0,0,0
0,0,-0.0013682,0,0,-0.0036966,0,0,-0.0049908,0,0,9.3038e-06,1,0,0,0,1,0,0,0
0,0,-0.0014054,0,0,-0.0037465,0,0,-0.0049906,0,0,9.4286e-06,1,0,0,0,1,0,0,0
0,0,-0.0014431,0,0,-0.0037964,0,0,-0.0049905,0,0,9.5534e-06,1,0,0,0,1,0,0,0
0,0,-0.0014813,0,0,-0.0038463,0,0,-0.0049904,0,0,9.6781e-06,1,0,0,0,1,0,0,0
0,0,-0.00152,0,0,-0.0038962,0,0,-0.0049903,0,0,9.8029e-06,1,0,0,0,1,0,0,0
0,0,-0.0015592,0,0,-0.0039461,0,0,-0.0049901,0,0,9.9276e-06,1,0,0,0,1,0,0,0
0,0,-0.0015989,0,0,-0.003996,0,0,-0.00499,0,0,1.0052e-05,1,0,0,0,1,0,0,0
0,0,-0.0016391,0,0,-0.0040459,0,0,-0.0049899,0,0,1.0177e-05,1,0,0,0,1,0,0,0
0,0,-0.0016799,0,0,-0.0040958,0,0,-0.0049898,0,0,1.0302e-05,1,0,0,0,1,0,0,0
0,0,-0.0017211,0,0,-0.0041457,0,0,-0.0049896,0,0,1.0427e-05,1,0,0,0,1,0,0,0
0,0,-0.0017628,0,0,-0.0041956,0,0,-0.0049895,0,0,1.0551e-05,1,0,0,0,1,0,0,0
0,0,-0.001805,0,0,-0.0042455,0,0,-0.0049894,0,0,1.0676e-05,1,0,0,0,1,0,0,0
0,0,-0.0018477,0,0,-0.0042954,0,0,-0.0049893,0,0,1.0801e-05,1,0,0,0,1,0,0,0
0,0,-0.0018909,0,0,-0.0043453,0,0,-0.0049891,0,0,1.0926e-05,1,0,0,0,1,0,0,0
0,0,-0.0019346,0,0,-0.0043952,0,0,-0.004989,0,0,1.105e-05,1,0,0,0,1,0,0,0
0,0,-0.0019788,0,0,-0.0044451,0,0,-0.0049889,0,0,1.1175e-05,1,0,0,0,1,0,0,0
0,0,-0.0020235,0,0,-0.0044949,0,0,-0.0049888,0,0,1.13e-05,1,0,0,0,1,0,0,0
0,0,-0.0020687,0,0,-0.0045448,0,0,-0.0049886,0,0,1.1424e-05,1,0,0,0,1,0,0,0
0,0,-0.0021144,0,0,-0.0045947,0,0,-0.0049885,0,0,1.1549e-05,1,0,0,0,1,0,0,0
0,0,-0.0021606,0,0,-0.0046446,0,0,-0.0049884,0,0,1.1674e-05,1,0,0,0,1,0,0,0
0,0,-0.0022073,0,0,-0.0046945,0,0,-0.0049883,0,0,1.1799e-05,1,0,0,0,1,0,0,0
0,0,-0.0022545,0,0,-0.0047444,0,0,-0.0049881,0,0,1.1923e-05,1,0,0,0,1,0,0,0
0,0,-0.0023022,0,0,-0.0047942,0,0,-0.004988,0,0,1.2048e-05,1,0,0,0,1,0,0,0
0,0,-0.0023503,0,0,-0.0048441,0,0,-0.0049879,0,0,1.2173e-05,1,0,0,0,1,0,0,0
0,0,-0.002399,0,0,-0.004894,0,0,-0.0049878,0,0,1.2297e-05,1,0,0,0,1,0,0,0
0,0,-0.0024482,0,0,-0.0049439,0,0,-0.0049876,0,0,1.2422e-05,1,0,0,0,1,0,0,0
0,0,-0.0024979,0,0,-0.0049938,0,0,-0.0049875,0,0,1.2547e-05,1,0,0,0,1,0,0,0
0,0,-0.0025481,0,0,-0.0050436,0,0,-0.0049874,0,0,1.2671e-05,1,0,0,0,1,0,0,0
0,0,-0.0025988,0,0,-0.0050935,0,0,-0.0049873,0,0,1.2796e-05,1,0,0,0,1,0,0,0
0,0,-0.00265,0,0,-0.0051434,0,0,-0.0049871,0,0,1.2921e-05,1,0,0,0,1,0,0,0
0,0,-0.0027017,0,0,-0.0051932,0,0,-0.004987,0,0,1.3045e-05,1,0,0,0,1,0,0,0
0,0,-0.0027538,0,0,-0.0052431,0,0,-0.0049869,0,0,1.317e-05,1,0,0,0,1,0,0,0
0,0,-0.0028065,0,0,-0.005293,0,0,-0.0049868,0,0,1.3295e-05,1,0,0,0,1,0,0,0
0,0,-0.0028597,0,0,-0.0053429,0,0,-0.0049866,0,0,1.3419e-05,1,0,0,0,1,0,0,0
0,0,-0.0029134,0,0,-0.0053927,0,0,-0.0049865,0,0,1.3544e-05,1,0,0,0,1,0,0,0
0,0,-0.0029676,0,0,-0.0054426,0,0,-0.0049864,0,0,1.3669e-05,1,0,0,0,1,0,0,0
0,0,-0.0030222,0,0,-0.0054924,0,0,-0.0049863,0,0,1.3793e-05,1,0,0,0,1,0,0,0
0,0,-0.0030774,0,0,-0.0055423,0,0,-0.0049861,0,0,1.3918e-05,1,0,0,0,1,0,0,0
0,0,-0.0031331,0,0,-0.0055922,0,0,-0.004986,0,0,1.4043e-05,1,0,0,0,1,0,0,0
0,0,-0.0031892,0,0,-0.005642,0,0,-0.0049859,0,0,1.4167e-05,1,0,0,0,1,0,0,0
0,0,-0.0032459,0,0,-0.0056919,0,0,-0.0049858,0,0,1.4292e-05,1,0,0,0,1,0,0,0
0,0,-0.0033031,0,0,-0.0057417,0,0,-0.0049856,0,0,1.4417e-05,1,0,0,0,1,0,0,0
0,0,-0.0033608,0,0,-0.0057916,0,0,-0.0049855,0,0,1.4541e-05,1,0,0,0,1,0,0,0
0,0,-0.0034189,0,0,-0.0058415,0,0,-0.0049854,0,0,1.4666e-05,1,0,0,0,1,0,0,0
0,0,-0.0034776,0,0,-0.0058913,0,0,-0.0049853,0,0,1.4791e-05,1,0,0,0,1,0,0,0
0,0,-0.0035367,0,0,-0.0059412,0,0,-0.0049851,0,0,1.4915e-05,1,0,0,0,1,0,0,0
0,0,-0.0035964,0,0,-0.005991,0,0,-0.004985,0,0,1.504e-05,1,0,0,0,1,0,0,0
0,0,-0.0036566,0,0,-0.0060409,0,0,-0.0049849,0,0,1.5164e-05,1,0,0,0,1,0,0,0
0,0,-0.0037172,0,0,-0.0060907,0,0,-0.0049848,0,0,1.5289e-05,1,0,0,0,1,0,0,0
0,0,-0.0037784,0,0,-0.0061406,0,0,-0.0049846,0,0,1.5414e-05,1,0,0,0,1,0,0,0
0,0,-0.00384,0,0,-0.0061904,0,0,-0.0049845,0,0,1.5538e-05,1,0,0,0,1,0,0,0
0,0,-0.0039022,0,0,-0.0062402,0,0,-0.0049844,0,0,1.5663e-05,1,0,0,0,1,0,0,0
0,0,-0.0039648,0,0,-0.0062901,0,0,-0.0049843,0,0,1.5788e-05,1,0,0,0,1,0,0,0
0,0,-0.004028,0,0,-0.0063399,0,0,-0.0049842,0,0,1.5912e-05,1,0,0,0,1,0,0,0
0,0,-0.0040916,0,0,-0.0063898,0,0,-0.004984,0,0,1.6037e-05,1,0,0,0,1,0,0,0
0,0,-0.0041558,0,0,-0.0064396,0,0,-0.0049839,0,0,1.6161e-05,1,0,0,0,1,0,0,0
0,0,-0.0042204,0,0,-0.0064894,0,0,-0.0049838,0,0,1.6286e-05,1,0,0,0,1,0,0,0
0,0,-0.0042856,0,0,-0.0065393,0,0,-0.0049837,0,0,1.6411e-05,1,0,0,0,1,0,0,0
0,0,-0.0043512,0,0,-0.0065891,0,0,-0.0049835,0,0,1.6535e-05,1,0,0,0,1,0,0,0
0,0,-0.0044174,0,0,-0.006639,0,0,-0.0049834,0,0,1.666e-05,1,0,0,0,1,0,0,0
0,0,-0.004484,0,0,-0.0066888,0,0,-0.0049833,0,0,1.6784e-05,1,0,0,0,1,0,0,0
0,0,-0.0045511,0,0,-0.0067386,0,0,-0.0049832,0,0,1.6909e-05,1,0,0,0,1,0,0,0
0,0,-0.0046188,0,0,-0.0067885,0,0,-0.004983,0,0,1.7033e-05,1,0,0,0,1,0,0,0
0,0,-0.0046869,0,0,-0.0068383,0,0,-0.0049829,0,0,1.7158e-05,1,0,0,0,1,0,0,0
0,0,-0.0047555,0,0,-0.0068881,0,0,-0.0049828,0,0,1.7283e-05,1,0,0,0,1,0,0,0
0,0,-0.0048247,0,0,-0.0069379,0,0,-0.0049827,0,0,1.7407e-05,1,0,0,0,1,0,0,0
0,0,-0.0048943,0,0,-0.0069878,0,0,-0.0049825,0,0,1.7532e-05,1,0,0,0,1,0,0,0
0,0,-0.0049644,0,0,-0.0070376,0,0,-0.0049824,0,0,1.7656e-05,1,0,0,0,1,0,0,0
0,0,-0.005035,0,0,-0.0070874,0,0,-0.0049823,0,0,1.7781e-05,1,0,0,0,1,0,0,0
0,0,-0.0051062,0,0,-0.0071372,0,0,-0.0049822,0,0,1.7905e-05,1,0,0,0,1,0,0,0
0,0,-0.0051778,0,0,-0.0071871,0,0,-0.004982,0,0,1.803e-05,1,0,0,0,1,0,0,0
0,0,-0.0052499,0,0,-0.0072369,0,0,-0.0049819,0,0,1.8154e-05,1,0,0,0,1,0,0,0
0,0,-0.0053225,0,0,-0.0072867,0,0,-0.0049818,0,0,1.8279e-05,1,0,0,0,1,0,0,0
0,0,-0.0053956,0,0,-0.0073365,0,0,-0.0049817,0,0,1.8404e-05,1,0,0,0,1,0,0,0
0,0,-0.0054693,0,0,-0.0073863,0,0,-0.0049815,0,0,1.8528e-05,1,0,0,0,1,0,0,0
0,0,-0.0055434,0,0,-0.0074361,0,0,-0.0049814,0,0,1.8653e-05,1,0,0,0,1,0,0,0
0,0,-0.005618,0,0,-0.007486,0,0,-0.0049813,0,0,1.8777e-05,1,0,0,0,1,0,0,0
0,0,-0.0056931,0,0,-0.0075358,0,0,-0.0049812,0,0,1.8902e-05,1,0,0,0,1,0,0,0
0,0,-0.0057687,0,0,-0.0075856,0,0,-0.004981,0,0,1.9026e-05,1,0,0,0,1,0,0,0
0,0,-0.0058448,0,0,-0.0076354,0,0,-0.0049809,0,0,1.9151e-05,1,0,0,0,1,0,0,0
0,0,-0.0059214,0,0,-0.0076852,0,0,-0.0049808,0,0,1.9275e-05,1,0,0,0,1,0,0,0
0,0,-0.0059985,0,0,-0.007735,0,0,-0.0049807,0,0,1.94e-05,1,0,0,0,1,0,0,0
0,0,-0.0060761,0,0,-0.0077848,0,0,-0.0049805,0,0,1.9524e-05,1,0,0,0,1,0,0,0
0,0,-0.0061542,0,0,-0.0078346,0,0,-0.0049804,0,0,1.9649e-05,1,0,0,0,1,0,0,0
0,0,-0.0062328,0,0,-0.0078844,0,0,-0.0049803,0,0,1.9773e-05,1,0,0,0,1,0,0,0
0,0,-0.0063119,0,0,-0.0079342,0,0,-0.0049802,0,0,1.9898e-05,1,0,0,0,1,0,0,0
0,0,-0.0063915,0,0,-0.007984,0,0,-0.00498,0,0,2.0022e-05,1,0,0,0,1,0,0,0
0,0,-0.0064716,0,0,-0.0080338,0,0,-0.0049799,0,0,2.0147e-05,1,0,0,0,1,0,0,0
0,0,-0.0065522,0,0,-0.0080836,0,0,-0.0049798,0,0,2.0271e-05,1,0,0,0,1,0,0,0
0,0,-0.0066332,0,0,-0.0081334,0,0,-0.0049797,0,0,2.0396e-05,1,0,0,0,1,0,0,0
0,0,-0.0067148,0,0,-0.0081832,0,0,-0.0049795,0,0,2.052e-05,1,0,0,0,1,0,0,0
0,0,-0.0067969,0,0,-0.008233,0,0,-0.0049794,0,0,2.0645e-05,1,0,0,0,1,0,0,0
0,0,-0.0068795,0,0,-0.0082828,0,0,-0.0049793,0,0,2.0769e-05,1,0,0,0,1,0,0,0
0,0,-0.0069626,0,0,-0.0083326,0,0,-0.0049792,0,0,2.0894e-05,1,0,0,0,1,0,0,0
0,0,-0.0070461,0,0,-0.0083824,0,0,-0.004979,0,0,2.1018e-05,1,0,0,0,1,0,0,0
0,0,-0.0071302,0,0,-0.0084322,0,0,-0.0049789,0,0,2.1143e-05,1,0,0,0,1,0,0,0
0,0,-0.0072148,0,0,-0.008482,0,0,-0.0049788,0,0,2.1267e-05,1,0,0,0,1,0,0,0
0,0,-0.0072998,0,0,-0.0085318,0,0,-0.0049787,0,0,2.1392e-05,1,0,0,0,1,0,0,0
0,0,-0.0073854,0,0,-0.0085815,0,0,-0.0049785,0,0,2.1516e-05,1,0,0,0,1,0,0,0
0,0,-0.0074715,0,0,-0.0086313,0,0,-0.0049784,0,0,2.1641e-05,1,0,0,0,1,0,0,0
0,0,-0.007558,0,0,-0.0086811,0,0,-0.0049783,0,0,2.1765e-05,1,0,0,0,1,0,0,0
0,0,-0.0076451,0,0,-0.0087309,0,0,-0.0049782,0,0,2.1889e-05,1,0,0,0,1,0,0,0
0,0,-0.0077327,0,0,-0.0087807,0,0,-0.004978,0,0,2.2014e-05,1,0,0,0,1,0,0,0
0,0,-0.0078207,0,0,-0.0088304,0,0,-0.0049779,0,0,2.2138e-05,1,0,0,0,1,0,0,0
0,0,-0.0079093,0,0,-0.0088802,0,0,-0.0049778,0,0,2.2263e-05,1,0,0,0,1,0,0,0
0,0,-0.0079983,0,0,-0.00893,0,0,-0.0049777,0,0,2.2387e-05,1,0,0,0,1,0,0,0
0,0,-0.0080879,0,0,-0.0089798,0,0,-0.0049776,0,0,2.2512e-05,1,0,0,0,1,0,0,0
0,0,-0.0081779,0,0,-0.0090296,0,0,-0.0049774,0,0,2.2636e-05,1,0,0,0,1,0,0,0
0,0,-0.0082685,0,0,-0.0090793,0,0,-0.0049773,0,0,2.2761e-05,1,0,0,0,1,0,0,0
0,0,-0.0083595,0,0,-0.0091291,0,0,-0.0049772,0,0,2.2885e-05,1,0,0,0,1,0,0,0
0,0,-0.008451,0,0,-0.0091789,0,0,-0.0049771,0,0,2.3009e-05,1,0,0,0,1,0,0,0
0,0,-0.0085431,0,0,-0.0092286,0,0,-0.0049769,0,0,2.3134e-05,1,0,0,0,1,0,0,0
0,0,-0.0086356,0,0,-0.0092784,0,0,-0.0049768,0,0,2.3258e-05,1,0,0,0,1,0,0,0
0,0,-0.0087286,0,0,-0.0093282,0,0,-0.0049767,0,0,2.3383e-05,1,0,0,0,1,0,0,0
0,0,-0.0088222,0,0,-0.0093779,0,0,-0.0049766,0,0,2.3507e-05,1,0,0,0,1,0,0,0
0,0,-0.0089162,0,0,-0.0094277,0,0,-0.0049764,0,0,2.3631e-05,1,0,0,0,1,0,0,0
0,0,-0.0090107,0,0,-0.0094775,0,0,-0.0049763,0,0,2.3756e-05,1,0,0,0,1,0,0,0
0,0,-0.0091058,0,0,-0.0095272,0,0,-0.0049762,0,0,2.388e-05,1,0,0,0,1,0,0,0
0,0,-0.0092013,0,0,-0.009577,0,0,-0.0049761,0,0,2.4005e-05,1,0,0,0,1,0,0,0
0,0,-0.0092973,0,0,-0.0096268,0,0,-0.0049759,0,0,2.4129e-05,1,0,0,0,1,0,0,0
0,0,-0.0093938,0,0,-0.0096765,0,0,-0.0049758,0,0,2.4253e-05,1,0,0,0,1,0,0,0
0,0,-0.0094908,0,0,-0.0097263,0,0,-0.0049757,0,0,2.4378e-05,1,0,0,0,1,0,0,0
0,0,-0.0095883,0,0,-0.009776,0,0,-0.0049756,0,0,2.4502e-05,1,0,0,0,1,0,0,0
0,0,-0.0096863,0,0,-0.0098258,0,0,-0.0049754,0,0,2.4627e-05,1,0,0,0,1,0,0,0
0,0,-0.0097848,0,0,-0.0098755,0,0,-0.0049753,0,0,2.4751e-05,1,0,0,0,1,0,0,0
0,0,-0.0098839,0,0,-0.0099253,0,0,-0.0049752,0,0,2.4875e-05,1,0,0,0,1,0,0,0
0,0,-0.0099834,0,0,-0.009975,0,0,-0.0049751,0,0,2.5e-05,1,0,0,0,1,0,0,0
0,0,-0.010083,0,0,-0.010025,0,0,-0.0049749,0,0,2.5124e-05,1,0,0,0,1,0,0,0
0,0,-0.010184,0,0,-0.010075,0,0,-0.0049748,0,0,2.5249e-05,1,0,0,0,1,0,0,0
0,0,-0.010285,0,0,-0.010124,0,0,-0.0049747,0,0,2.5373e-05,1,0,0,0,1,0,0,0
0,0,-0.010386,0,0,-0.010174,0,0,-0.0049746,0,0,2.5497e-05,1,0,0,0,1,0,0,0
0,0,-0.010488,0,0,-0.010224,0,0,-0.0049744,0,0,2.5622e-05,1,0,0,0,1,0,0,0
0,0,-0.010591,0,0,-0.010274,0,0,-0.0049743,0,0,2.5746e-05,1,0,0,0,1,0,0,0
0,0,-0.010694,0,0,-0.010323,0,0,-0.0049742,0,0,2.587e-05,1,0,0,0,1,0,0,0
0,0,-0.010797,0,0,-0.010373,0,0,-0.0049741,0,0,2.5995e-05,1,0,0,0,1,0,0,0
0,0,-0.010901,0,0,-0.010423,0,0,-0.0049739,0,0,2.6119e-05,1,0,0,0,1,0,0,0
0,0,-0.011006,0,0,-0.010472,0,0,-0.0049738,0,0,2.6243e-05,1,0,0,0,1,0,0,0
0,0,-0.011111,0,0,-0.010522,0,0,-0.0049737,0,0,2.6368e-05,1,0,0,0,1,0,0,0
0,0,-0.011216,0,0,-0.010572,0,0,-0.0049736,0,0,2.6492e-05,1,0,0,0,1,0,0,0
0,0,-0.011322,0,0,-0.010622,0,0,-0.0049734,0,0,2.6616e-05,1,0,0,0,1,0,0,0
0,0,-0.011429,0,0,-0.010671,0,0,-0.0049733,0,0,2.6741e-05,1,0,0,0,1,0,0,0
0,0,-0.011536,0,0,-0.010721,0,0,-0.0049732,0,0,2.6865e-05,1,0,0,0,1,0,0,0
0,0,-0.011643,0,0,-0.010771,0,0,-0.0049731,0,0,2.6989e-05,1,0,0,0,1,0,0,0
0,0,-0.011751,0,0,-0.010821,0,0,-0.0049729,0,0,2.7114e-05,1,0,0,0,1,0,0,0
0,0,-0.011859,0,0,-0.01087,0,0,-0.0049728,0,0,2.7238e-05,1,0,0,0,1,0,0,0
0,0,-0.011968,0,0,-0.01092,0,0,-0.0049727,0,0,2.7362e-05,1,0,0,0,1,0,0,0
0,0,-0.012078,0,0,-0.01097,0,0,-0.0049726,0,0,2.7487e-05,1,0,0,0,1,0,0,0
0,0,-0.012188,0,0,-0.01102,0,0,-0.0049725,0,0,2.7611e-05,1,0,0,0,1,0,0,0
0,0,-0.012298,0,0,-0.011069,0,0,-0.0049723,0,0,2.7735e-05,1,0,0,0,1,0,0,0
0,0,-0.012409,0,0,-0.011119,0,0,-0.0049722,0,0,2.786e-05,1,0,0,0,1,0,0,0
0,0,-0.012521,0,0,-0.011169,0,0,-0.0049721,0,0,2.7984e-05,1,0,0,0,1,0,0,0
0,0,-0.012633,0,0,-0.011218,0,0,-0.004972,0,0,2.8108e-05,1,0,0,0,1,0,0,0
0,0,-0.012745,0,0,-0.011268,0,0,-0.0049718,0,0,2.8232e-05,1,0,0,0,1,0,0,0
0,0,-0.012858,0,0,-0.011318,0,0,-0.0049717,0,0,2.8357e-05,1,0,0,0,1,0,0,0
0,0,-0.012971,0,0,-0.011368,0,0,-0.0049716,0,0,2.8481e-05,1,0,0,0,1,0,0,0
0,0,-0.013085,0,0,-0.011417,0,0,-0.0049715,0,0,2.8605e-05,1,0,0,0,1,0,0,0
0,0,-0.0132,0,0,-0.011467,0,0,-0.0049713,0,0,2.873e-05,1,0,0,0,1,0,0,0
0,0,-0.013315,0,0,-0.011517,0,0,-0.0049712,0,0,2.8854e-05,1,0,0,0,1,0,0,0
0,0,-0.01343,0,0,-0.011566,0,0,-0.0049711,0,0,2.8978e-05,1,0,0,0,1,0,0,0
0,0,-0.013546,0,0,-0.011616,0,0,-0.004971,0,0,2.9102e-05,1,0,0,0,1,0,0,0
0,0,-0.013662,0,0,-0.011666,0,0,-0.0049708,0,0,2.9227e-05,1,0,0,0,1,0,0,0
0,0,-0.013779,0,0,-0.011716,0,0,-0.0049707,0,0,2.9351e-05,1,0,0,0,1,0,0,0
0,0,-0.013897,0,0,-0.011765,0,0,-0.0049706,0,0,2.9475e-05,1,0,0,0,1,0,0,0
0,0,-0.014015,0,0,-0.011815,0,0,-0.0049705,0,0,2.96e-05,1,0,0,0,1,0,0,0
0,0,-0.014133,0,0,-0.011865,0,0,-0.0049703,0,0,2.9724e-05,1,0,0,0,1,0,0,0
0,0,-0.014252,0,0,-0.011914,0,0,-0.0049702,0,0,2.9848e-05,1,0,0,0,1,0,0,0
0,0,-0.014371,0,0,-0.011964,0,0,-0.0049701,0,0,2.9972e-05,1,0,0,0,1,0,0,0
0,0,-0.014491,0,0,-0.012014,0,0,-0.00497,0,0,3.0097e-05,1,0,0,0,1,0,0,0
0,0,-0.014612,0,0,-0.012063,0,0,-0.0049698,0,0,3.0221e-05,1,0,0,0,1,0,0,0
0,0,-0.014732,0,0,-0.012113,0,0,-0.0049697,0,0,3.0345e-05,1,0,0,0,1,0,0,0
0,0,-0.014854,0,0,-0.012163,0,0,-0.0049696,0,0,3.0469e-05,1,0,0,0,1,0,0,0
0,0,-0.014976,0,0,-0.012213,0,0,-0.0049695,0,0,3.0594e-05,1,0,0,0,1,0,0,0
0,0,-0.015098,0,0,-0.012262,0,0,-0.0049693,0,0,3.0718e-05,1,0,0,0,1,0,0,0
0,0,-0.015221,0,0,-0.012312,0,0,-0.0049692,0,0,3.0842e-05,1,0,0,0,1,0,0,0
0,0,-0.015344,0,0,-0.012362,0,0,-0.0049691,0,0,3.0966e-05,1,0,0,0,1,0,0,0
0,0,-0.015468,0,0,-0.012411,0,0,-0.004969,0,0,3.109e-05,1,0,0,0,1,0,0,0
0,0,-0.015592,0,0,-0.012461,0,0,-0.0049688,0,0,3.1215e-05,1,0,0,0,1,0,0,0
0,0,-0.015717,0,0,-0.012511,0,0,-0.0049687,0,0,3.1339e-05,1,0,0,0,1,0,0,0
0,0,-0.015843,0,0,-0.01256,0,0,-0.0049686,0,0,3.1463e-05,1,0,0,0,1,0,0,0
0,0,-0.015969,0,0,-0.01261,0,0,-0.0049685,0,0,3.1587e-05,1,0,0,0,1,0,0,0
0,0,-0.016095,0,0,-0.01266,0,0,-0.0049684,0,0,3.1712e-05,1,0,0,0,1,0,0,0
0,0,-0.016222,0,0,-0.012709,0,0,-0.0049682,0,0,3.1836e-05,1,0,0,0,1,0,0,0
0,0,-0.016349,0,0,-0.012759,0,0,-0.0049681,0,0,3.196e-05,1,0,0,0,1,0,0,0
0,0,-0.016477,0,0,-0.012809,0,0,-0.004968,0,0,3.2084e-05,1,0,0,0,1,0,0,0
0,0,-0.016605,0,0,-0.012858,0,0,-0.0049679,0,0,3.2208e-05,1,0,0,0,1,0,0,0
0,0,-0.016734,0,0,-0.012908,0,0,-0.0049677,0,0,3.2333e-05,1,0,0,0,1,0,0,0
0,0,-0.016863,0,0,-0.012958,0,0,-0.0049676,0,0,3.2457e-05,1,0,0,0,1,0,0,0
0,0,-0.016993,0,0,-0.013008,0,0,-0.0049675,0,0,3.2581e-05,1,0,0,0,1,0,0,0
0,0,-0.017124,0,0,-0.013057,0,0,-0.0049674,0,0,3.2705e-05,1,0,0,0,1,0,0,0
0,0,-0.017254,0,0,-0.013107,0,0,-0.0049672,0,0,3.2829e-05,1,0,0,0,1,0,0,0
0,0,-0.017386,0,0,-0.013157,0,0,-0.0049671,0,0,3.2953e-05,1,0,0,0,1,0,0,0
0,0,-0.017518,0,0,-0.013206,0,0,-0.004967,0,0,3.3078e-05,1,0,0,0,1,0,0,0
0,0,-0.01765,0,0,-0.013256,0,0,-0.0049669,0,0,3.3202e-05,1,0,0,0,1,0,0,0
0,0,-0.017783,0,0,-0.013306,0,0,-0.0049667,0,0,3.3326e-05,1,0,0,0,1,0,0,0
0,0,-0.017916,0,0,-0.013355,0,0,-0.0049666,0,0,3.345e-05,1,0,0,0,1,0,0,0
0,0,-0.01805,0,0,-0.013405,0,0,-0.0049665,0,0,3.3574e-05,1,0,0,0,1,0,0,0
0,0,-0.018184,0,0,-0.013455,0,0,-0.0049664,0,0,3.3698e-05,1,0,0,0,1,0,0,0
0,0,-0.018319,0,0,-0.013504,0,0,-0.0049662,0,0,3.3823e-05,1,0,0,0,1,0,0,0
0,0,-0.018454,0,0,-0.013554,0,0,-0.0049661,0,0,3.3947e-05,1,0,0,0,1,0,0,0
0,0,-0.01859,0,0,-0.013604,0,0,-0.004966,0,0,3.4071e-05,1,0,0,0,1,0,0,0
0,0,-0.018726,0,0,-0.013653,0,0,-0.0049659,0,0,3.4195e-05,1,0,0,0,1,0,0,0
0,0,-0.018863,0,0,-0.013703,0,0,-0.0049657,0,0,3.4319e-05,1,0,0,0,1,0,0,0
0,0,-0.019,0,0,-0.013752,0,0,-0.0049656,0,0,3.4443e-05,1,0,0,0,1,0,0,0
0,0,-0.019138,0,0,-0.013802,0,0,-0.0049655,0,0,3.4567e-05,1,0,0,0,1,0,0,0
0,0,-0.019276,0,0,-0.013852,0,0,-0.0049654,0,0,3.4692e-05,1,0,0,0,1,0,0,0
0,0,-0.019415,0,0,-0.013901,0,0,-0.0049652,0,0,3.4816e-05,1,0,0,0,1,0,0,0
0,0,-0.019554,0,0,-0.013951,0,0,-0.0049651,0,0,3.494e-05,1,0,0,0,1,0,0,0
0,0,-0.019694,0,0,-0.014001,0,0,-0.004965,0,0,3.5064e-05,1,0,0,0,1,0,0,0
0,0,-0.019834,0,0,-0.01405,0,0,-0.0049649,0,0,3.5188e-05,1,0,0,0,1,0,0,0
0,0,-0.019975,0,0,-0.0141,0,0,-0.0049647,0,0,3.5312e-05,1,0,0,0,1,0,0,0
0,0,-0.020116,0,0,-0.01415,0,0,-0.0049646,0,0,3.5436e-05,1,0,0,0,1,0,0,0
0,0,-0.020258,0,0,-0.014199,0,0,-0.0049645,0,0,3.556e-05,1,0,0,0,1,0,0,0
0,0,-0.0204,0,0,-0.014249,0,0,-0.0049644,0,0,3.5685e-05,1,0,0,0,1,0,0,0
0,0,-0.020543,0,0,-0.014299,0,0,-0.0049643,0,0,3.5809e-05,1,0,0,0,1,0,0,0
0,0,-0.020686,0,0,-0.014348,0,0,-0.0049641,0,0,3.5933e-05,1,0,0,0,1,0,0,0
0,0,-0.02083,0,0,-0.014398,0,0,-0.004964,0,0,3.6057e-05,1,0,0,0,1,0,0,0
0,0,-0.020974,0,0,-0.014448,0,0,-0.0049639,0,0,3.6181e-05,1,0,0,0,1,0,0,0
0,0,-0.021119,0,0,-0.014497,0,0,-0.0049638,0,0,3.6305e-05,1,0,0,0,1,0,0,0
0,0,-0.021264,0,0,-0.014547,0,0,-0.0049636,0,0,3.6429e-05,1,0,0,0,1,0,0,0
0,0,-0.02141,0,0,-0.014596,0,0,-0.0049635,0,0,3.6553e-05,1,0,0,0,1,0,0,0
0,0,-0.021556,0,0,-0.014646,0,0,-0.0049634,0,0,3.6677e-05,1,0,0,0,1,0,0,0
0,0,-0.021703,0,0,-0.014696,0,0,-0.0049633,0,0,3.6801e-05,1,0,0,0,1,0,0,0
0,0,-0.02185,0,0,-0.014745,0,0,-0.0049631,0,0,3.6925e-05,1,0,0,0,1,0,0,0
0,0,-0.021998,0,0,-0.014795,0,0,-0.004963,0,0,3.705e-05,1,0,0,0,1,0,0,0
0,0,-0.022146,0,0,-0.014845,0,0,-0.0049629,0,0,3.7174e-05,1,0,0,0,1,0,0,0
0,0,-0.022295,0,0,-0.014894,0,0,-0.0049628,0,0,3.7298e-05,1,0,0,0,1,0,0,0
0,0,-0.022444,0,0,-0.014944,0,0,-0.0049626,0,0,3.7422e-05,1,0,0,0,1,0,0,0
0,0,-0.022594,0,0,-0.014994,0,0,-0.0049625,0,0,3.7546e-05,1,0,0,0,1,0,0,0
0,0,-0.022744,0,0,-0.015043,0,0,-0.0049624,0,0,3.767e-05,1,0,0,0,1,0,0,0
0,0,-0.022894,0,0,-0.015093,0,0,-0.0049623,0,0,3.7794e-05,1,0,0,0,1,0,0,0
0,0,-0.023046,0,0,-0.015142,0,0,-0.0049621,0,0,3.7918e-05,1,0,0,0,1,0,0,0
0,0,-0.023197,0,0,-0.015192,0,0,-0.004962,0,0,3.8042e-05,1,0,0,0,1,0,0,0
0,0,-0.023349,0,0,-0.015242,0,0,-0.0049619,0,0,3.8166e-05,1,0,0,0,1,0,0,0
0,0,-0.023502,0,0,-0.015291,0,0,-0.0049618,0,0,3.829e-05,1,0,0,0,1,0,0,0
0,0,-0.023655,0,0,-0.015341,0,0,-0.0049616,0,0,3.8414e-05,1,0,0,0,1,0,0,0
0,0,-0.023809,0,0,-0.01539,0,0,-0.0049615,0,0,3.8538e-05,1,0,0,0,1,0,0,0
0,0,-0.023963,0,0,-0.01544,0,0,-0.0049614,0,0,3.8662e-05,1,0,0,0,1,0,0,0
0,0,-0.024118,0,0,-0.01549,0,0,-0.0049613,0,0,3.8786e-05,1,0,0,0,1,0,0,0
0,0,-0.024273,0,0,-0.015539,0,0,-0.0049612,0,0,3.891e-05,1,0,0,0,1,0,0,0
0,0,-0.024428,0,0,-0.015589,0,0,-0.004961,0,0,3.9034e-05,1,0,0,0,1,0,0,0
0,0,-0.024585,0,0,-0.015639,0,0,-0.0049609,0,0,3.9158e-05,1,0,0,0,1,0,0,0
0,0,-0.024741,0,0,-0.015688,0,0,-0.0049608,0,0,3.9282e-05,1,0,0,0,1,0,0,0
0,0,-0.024898,0,0,-0.015738,0,0,-0.0049607,0,0,3.9406e-05,1,0,0,0,1,0,0,0
0,0,-0.025056,0,0,-0.015787,0,0,-0.0049605,0,0,3.953e-05,1,0,0,0,1,0,0,0
0,0,-0.025214,0,0,-0.015837,0,0,-0.0049604,0,0,3.9654e-05,1,0,0,0,1,0,0,0
0,0,-0.025373,0,0,-0.015887,0,0,-0.0049603,0,0,3.9778e-05,1,0,0,0,1,0,0,0
0,0,-0.025532,0,0,-0.015936,0,0,-0.0049602,0,0,3.9902e-05,1,0,0,0,1,0,0,0
0,0,-0.025691,0,0,-0.015986,0,0,-0.00496,0,0,4.0026e-05,1,0,0,0,1,0,0,0
0,0,-0.025852,0,0,-0.016035,0,0,-0.0049599,0,0,4.015e-05,1,0,0,0,1,0,0,0
0,0,-0.026012,0,0,-0.016085,0,0,-0.0049598,0,0,4.0274e-05,1,0,0,0,1,0,0,0
0,0,-0.026173,0,0,-0.016135,0,0,-0.0049597,0,0,4.0398e-05,1,0,0,0,1,0,0,0
0,0,-0.026335,0,0,-0.016184,0,0,-0.0049595,0,0,4.0522e-05,1,0,0,0,1,0,0,0
0,0,-0.026497,0,0,-0.016234,0,0,-0.0049594,0,0,4.0646e-05,1,0,0,0,1,0,0,0
0,0,-0.02666,0,0,-0.016283,0,0,-0.0049593,0,0,4.077e-05,1,0,0,0,1,0,0,0
0,0,-0.026823,0,0,-0.016333,0,0,-0.0049592,0,0,4.0894e-05,1,0,0,0,1,0,0,0
0,0,-0.026986,0,0,-0.016383,0,0,-0.004959,0,0,4.1018e-05,1,0,0,0,1,0,0,0
0,0,-0.02715,0,0,-0.016432,0,0,-0.0049589,0,0,4.1142e-05,1,0,0,0,1,0,0,0
0,0,-0.027315,0,0,-0.016482,0,0,-0.0049588,0,0,4.1266e-05,1,0,0,0,1,0,0,0
0,0,-0.02748,0,0,-0.016531,0,0,-0.0049587,0,0,4.139e-05,1,0,0,0,1,0,0,0
0,0,-0.027645,0,0,-0.016581,0,0,-0.0049585,0,0,4.1514e-05,1,0,0,0,1,0,0,0
0,0,-0.027812,0,0,-0.01663,0,0,-0.0049584,0,0,4.1638e-05,1,0,0,0,1,0,0,0
0,0,-0.027978,0,0,-0.01668,0,0,-0.0049583,0,0,4.1762e-05,1,0,0,0,1,0,0,0
0,0,-0.028145,0,0,-0.01673,0,0,-0.0049582,0,0,4.1886e-05,1,0,0,0,1,0,0,0
0,0,-0.028313,0,0,-0.016779,0,0,-0.0049581,0,0,4.201e-05,1,0,0,0,1,0,0,0
0,0,-0.028481,0,0,-0.016829,0,0,-0.0049579,0,0,4.2134e-05,1,0,0,0,1,0,0,0
0,0,-0.028649,0,0,-0.016878,0,0,-0.0049578,0,0,4.2258e-05,1,0,0,0,1,0,0,0
0,0,-0.028818,0,0,-0.016928,0,0,-0.0049577,0,0,4.2382e-05,1,0,0,0,1,0,0,0
0,0,-0.028988,0,0,-0.016978,0,0,-0.0049576,0,0,4.2506e-05,1,0,0,0,1,0,0,0
0,0,-0.029158,0,0,-0.017027,0,0,-0.0049574,0,0,4.263e-05,1,0,0,0,1,0,0,0
0,0,-0.029328,0,0,-0.017077,0,0,-0.0049573,0,0,4.2754e-05,1,0,0,0,1,0,0,0
0,0,-0.029499,0,0,-0.017126,0,0,-0.0049572,0,0,4.2878e-05,1,0,0,0,1,0,0,0
0,0,-0.029671,0,0,-0.017176,0,0,-0.0049571,0,0,4.3002e-05,1,0,0,0,1,0,0,0
0,0,-0.029843,0,0,-0.017225,0,0,-0.0049569,0,0,4.3125e-05,1,0,0,0,1,0,0,0
0,0,-0.030015,0,0,-0.017275,0,0,-0.0049568,0,0,4.3249e-05,1,0,0,0,1,0,0,0
0,0,-0.030188,0,0,-0.017325,0,0,-0.0049567,0,0,4.3373e-05,1,0,0,0,1,0,0,0
0,0,-0.030362,0,0,-0.017374,0,0,-0.0049566,0,0,4.3497e-05,1,0,0,0,1,0,0,0
0,0,-0.030536,0,0,-0.017424,0,0,-0.0049564,0,0,4.3621e-05,1,0,0,0,1,0,0,0
0,0,-0.03071,0,0,-0.017473,0,0,-0.0049563,0,0,4.3745e-05,1,0,0,0,1,0,0,0
0,0,-0.030885,0,0,-0.017523,0,0,-0.0049562,0,0,4.3869e-05,1,0,0,0,1,0,0,0
0,0,-0.031061,0,0,-0.017572,0,0,-0.0049561,0,0,4.3993e-05,1,0,0,0,1,0,0,0
0,0,-0.031237,0,0,-0.017622,0,0,-0.0049559,0,0,4.4117e-05,1,0,0,0,1,0,0,0
0,0,-0.031413,0,0,-0.017671,0,0,-0.0049558,0,0,4.4241e-05,1,0,0,0,1,0,0,0
0,0,-0.03159,0,0,-0.017721,0,0,-0.0049557,0,0,4.4365e-05,1,0,0,0,1,0,0,0
0,0,-0.031768,0,0,-0.017771,0,0,-0.0049556,0,0,4.4488e-05,1,0,0,0,1,0,0,0
0,0,-0.031946,0,0,-0.01782,0,0,-0.0049554,0,0,4.4612e-05,1,0,0,0,1,0,0,0
0,0,-0.032124,0,0,-0.01787,0,0,-0.0049553,0,0,4.4736e-05,1,0,0,0,1,0,0,0
0,0,-0.032303,0,0,-0.017919,0,0,-0.0049552,0,0,4.486e-05,1,0,0,0,1,0,0,0
0,0,-0.032482,0,0,-0.017969,0,0,-0.0049551,0,0,4.4984e-05,1,0,0,0,1,0,0,0
0,0,-0.032662,0,0,-0.018018,0,0,-0.004955,0,0,4.5108e-05,1,0,0,0,1,0,0,0
0,0,-0.032843,0,0,-0.018068,0,0,-0.0049548,0,0,4.5232e-05,1,0,0,0,1,0,0,0
0,0,-0.033024,0,0,-0.018117,0,0,-0.0049547,0,0,4.5356e-05,1,0,0,0,1,0,0,0
0,0,-0.033205,0,0,-0.018167,0,0,-0.0049546,0,0,4.5479e-05,1,0,0,0,1,0,0,0
0,0,-0.033387,0,0,-0.018217,0,0,-0.0049545,0,0,4.5603e-05,1,0,0,0,1,0,0,0
0,0,-0.03357,0,0,-0.018266,0,0,-0.0049543,0,0,4.5727e-05,1,0,0,0,1,0,0,0
0,0,-0.033752,0,0,-0.018316,0,0,-0.0049542,0,0,4.5851e-05,1,0,0,0,1,0,0,0
0,0,-0.033936,0,0,-0.018365,0,0,-0.0049541,0,0,4.5975e-05,1,0,0,0,1,0,0,0
0,0,-0.03412,0,0,-0.018415,0,0,-0.004954,0,0,4.6099e-05,1,0,0,0,1,0,0,0
0,0,-0.034304,0,0,-0.018464,0,0,-0.0049538,0,0,4.6223e-05,1,0,0,0,1,0,0,0
0,0,-0.034489,0,0,-0.018514,0,0,-0.0049537,0,0,4.6346e-05,1,0,0,0,1,0,0,0
0,0,-0.034674,0,0,-0.018563,0,0,-0.0049536,0,0,4.647e-05,1,0,0,0,1,0,0,0
0,0,-0.03486,0,0,-0.018613,0,0,-0.0049535,0,0,4.6594e-05,1,0,0,0,1,0,0,0
0,0,-0.035047,0,0,-0.018662,0,0,-0.0049533,0,0,4.6718e-05,1,0,0,0,1,0,0,0
0,0,-0.035234,0,0,-0.018712,0,0,-0.0049532,0,0,4.6842e-05,1,0,0,0,1,0,0,0
0,0,-0.035421,0,0,-0.018761,0,0,-0.0049531,0,0,4.6966e-05,1,0,0,0,1,0,0,0
0,0,-0.035609,0,0,-0.018811,0,0,-0.004953,0,0,4.7089e-05,1,0,0,0,1,0,0,0
0,0,-0.035797,0,0,-0.018861,0,0,-0.0049528,0,0,4.7213e-05,1,0,0,0,1,0,0,0
0,0,-0.035986,0,0,-0.01891,0,0,-0.0049527,0,0,4.7337e-05,1,0,0,0,1,0,0,0
0,0,-0.036175,0,0,-0.01896,0,0,-0.0049526,0,0,4.7461e-05,1,0,0,0,1,0,0,0
0,0,-0.036365,0,0,-0.019009,0,0,-0.0049525,0,0,4.7585e-05,1,0,0,0,1,0,0,0
0,0,-0.036555,0,0,-0.019059,0,0,-0.0049524,0,0,4.7708e-05,1,0,0,0,1,0,0,0
0,0,-0.036746,0,0,-0.019108,0,0,-0.0049522,0,0,4.7832e-05,1,0,0,0,1,0,0,0
0,0,-0.036938,0,0,-0.019158,0,0,-0.0049521,0,0,4.7956e-05,1,0,0,0,1,0,0,0
0,0,-0.037129,0,0,-0.019207,0,0,-0.004952,0,0,4.808e-05,1,0,0,0,1,0,0,0
0,0,-0.037322,0,0,-0.019257,0,0,-0.0049519,0,0,4.8204e-05,1,0,0,0,1,0,0,0
0,0,-0.037515,0,0,-0.019306,0,0,-0.0049517,0,0,4.8327e-05,1,0,0,0,1,0,0,0
0,0,-0.037708,0,0,-0.019356,0,0,-0.0049516,0,0,4.8451e-05,1,0,0,0,1,0,0,0
0,0,-0.037902,0,0,-0.019405,0,0,-0.0049515,0,0,4.8575e-05,1,0,0,0,1,0,0,0
0,0,-0.038096,0,0,-0.019455,0,0,-0.0049514,0,0,4.8699e-05,1,0,0,0,1,0,0,0
0,0,-0.038291,0,0,-0.019504,0,0,-0.0049512,0,0,4.8823e-05,1,0,0,0,1,0,0,0
0,0,-0.038486,0,0,-0.019554,0,0,-0.0049511,0,0,4.8946e-05,1,0,0,0,1,0,0,0
0,0,-0.038682,0,0,-0.019603,0,0,-0.004951,0,0,4.907e-05,1,0,0,0,1,0,0,0
0,0,-0.038878,0,0,-0.019653,0,0,-0.0049509,0,0,4.9194e-05,1,0,0,0,1,0,0,0
0,0,-0.039075,0,0,-0.019702,0,0,-0.0049507,0,0,4.9318e-05,1,0,0,0,1,0,0,0
0,0,-0.039272,0,0,-0.019752,0,0,-0.0049506,0,0,4.9441e-05,1,0,0,0,1,0,0,0
0,0,-0.03947,0,0,-0.019801,0,0,-0.0049505,0,0,4.9565e-05,1,0,0,0,1,0,0,0
0,0,-0.039668,0,0,-0.019851,0,0,-0.0049504,0,0,4.9689e-05,1,0,0,0,1,0,0,0
0,0,-0.039867,0,0,-0.0199,0,0,-0.0049502,0,0,4.9813e-05,1,0,0,0,1,0,0,0
0,0,-0.040066,0,0,-0.01995,0,0,-0.0049501,0,0,4.9936e-05,1,0,0,0,1,0,0,0
0,0,-0.040266,0,0,-0.019999,0,0,-0.00495,0,0,5.006e-05,1,0,0,0,1,0,0,0
0,0,-0.040466,0,0,-0.020049,0,0,-0.0049499,0,0,5.0184e-05,1,0,0,0,1,0,0,0
0,0,-0.040667,0,0,-0.020098,0,0,-0.0049498,0,0,5.0308e-05,1,0,0,0,1,0,0,0
0,0,-0.040868,0,0,-0.020148,0,0,-0.0049496,0,0,5.0431e-05,1,0,0,0,1,0,0,0
0,0,-0.04107,0,0,-0.020197,0,0,-0.0049495,0,0,5.0555e-05,1,0,0,0,1,0,0,0
0,0,-0.041272,0,0,-0.020247,0,0,-0.0049494,0,0,5.0679e-05,1,0,0,0,1,0,0,0
0,0,-0.041475,0,0,-0.020296,0,0,-0.0049493,0,0,5.0803e-05,1,0,0,0,1,0,0,0
0,0,-0.041678,0,0,-0.020346,0,0,-0.0049491,0,0,5.0926e-05,1,0,0,0,1,0,0,0
0,0,-0.041882,0,0,-0.020395,0,0,-0.004949,0,0,5.105e-05,1,0,0,0,1,0,0,0
0,0,-0.042086,0,0,-0.020445,0,0,-0.0049489,0,0,5.1174e-05,1,0,0,0,1,0,0,0
0,0,-0.042291,0,0,-0.020494,0,0,-0.0049488,0,0,5.1298e-05,1,0,0,0,1,0,0,0
0,0,-0.042496,0,0,-0.020544,0,0,-0.0049486,0,0,5.1421e-05,1,0,0,0,1,0,0,0
0,0,-0.042702,0,0,-0.020593,0,0,-0.0049485,0,0,5.1545e-05,1,0,0,0,1,0,0,0
0,0,-0.042908,0,0,-0.020643,0,0,-0.0049484,0,0,5.1669e-05,1,0,0,0,1,0,0,0
0,0,-0.043114,0,0,-0.020692,0,0,-0.0049483,0,0,5.1792e-05,1,0,0,0,1,0,0,0
0,0,-0.043322,0,0,-0.020742,0,0,-0.0049481,0,0,5.1916e-05,1,0,0,0,1,0,0,0
0,0,-0.043529,0,0,-0.020791,0,0,-0.004948,0,0,5.204e-05,1,0,0,0,1,0,0,0
0,0,-0.043737,0,0,-0.020841,0,0,-0.0049479,0,0,5.2163e-05,1,0,0,0,1,0,0,0
0,0,-0.043946,0,0,-0.02089,0,0,-0.0049478,0,0,5.2287e-05,1,0,0,0,1,0,0,0
0,0,-0.044155,0,0,-0.02094,0,0,-0.0049477,0,0,5.2411e-05,1,0,0,0,1,0,0,0
0,0,-0.044365,0,0,-0.020989,0,0,-0.0049475,0,0,5.2535e-05,1,0,0,0,1,0,0,0
0,0,-0.044575,0,0,-0.021039,0,0,-0.0049474,0,0,5.2658e-05,1,0,0,0,1,0,0,0
0,0,-0.044786,0,0,-0.021088,0,0,-0.0049473,0,0,5.2782e-05,1,0,0,0,1,0,0,0
0,0,-0.044997,0,0,-0.021138,0,0,-0.0049472,0,0,5.2906e-05,1,0,0,0,1,0,0,0
0,0,-0.045208,0,0,-0.021187,0,0,-0.004947,0,0,5.3029e-05,1,0,0,0,1,0,0,0
0,0,-0.04542,0,0,-0.021236,0,0,-0.0049469,0,0,5.3153e-05,1,0,0,0,1,0,0,0
0,0,-0.045633,0,0,-0.021286,0,0,-0.0049468,0,0,5.3277e-05,1,0,0,0,1,0,0,0
0,0,-0.045846,0,0,-0.021335,0,0,-0.0049467,0,0,5.34e-05,1,0,0,0,1,0,0,0
0,0,-0.04606,0,0,-0.021385,0,0,-0.0049465,0,0,5.3524e-05,1,0,0,0,1,0,0,0
0,0,-0.046274,0,0,-0.021434,0,0,-0.0049464,0,0,5.3648e-05,1,0,0,0,1,0,0,0
0,0,-0.046488,0,0,-0.021484,0,0,-0.0049463,0,0,5.3771e-05,1,0,0,0,1,0,0,0
0,0,-0.046704,0,0,-0.021533,0,0,-0.0049462,0,0,5.3895e-05,1,0,0,0,1,0,0,0
0,0,-0.046919,0,0,-0.021583,0,0,-0.004946,0,0,5.4019e-05,1,0,0,0,1,0,0,0
0,0,-0.047135,0,0,-0.021632,0,0,-0.0049459,0,0,5.4142e-05,1,0,0,0,1,0,0,0
0,0,-0.047352,0,0,-0.021682,0,0,-0.0049458,0,0,5.4266e-05,1,0,0,0,1,0,0,0
0,0,-0.047569,0,0,-0.021731,0,0,-0.0049457,0,0,5.439e-05,1,0,0,0,1,0,0,0
0,0,-0.047786,0,0,-0.021781,0,0,-0.0049455,0,0,5.4513e-05,1,0,0,0,1,0,0,0
0,0,-0.048004,0,0,-0.02183,0,0,-0.0049454,0,0,5.4637e-05,1,0,0,0,1,0,0,0
0,0,-0.048223,0,0,-0.021879,0,0,-0.0049453,0,0,5.476e-05,1,0,0,0,1,0,0,0
0,0,-0.048442,0,0,-0.021929,0,0,-0.0049452,0,0,5.4884e-05,1,0,0,0,1,0,0,0
0,0,-0.048662,0,0,-0.021978,0,0,-0.0049451,0,0,5.5008e-05,1,0,0,0,1,0,0,0
0,0,-0.048882,0,0,-0.022028,0,0,-0.0049449,0,0,5.5131e-05,1,0,0,0,1,0,0,0
0,0,-0.049102,0,0,-0.022077,0,0,-0.0049448,0,0,5.5255e-05,1,0,0,0,1,0,0,0
0,0,-0.049323,0,0,-0.022127,0,0,-0.0049447,0,0,5.5379e-05,1,0,0,0,1,0,0,0
0,0,-0.049545,0,0,-0.022176,0,0,-0.0049446,0,0,5.5502e-05,1,0,0,0,1,0,0,0
0,0,-0.049767,0,0,-0.022226,0,0,-0.0049444,0,0,5.5626e-05,1,0,0,0,1,0,0,0
0,0,-0.049989,0,0,-0.022275,0,0,-0.0049443,0,0,5.5749e-05,1,0,0,0,1,0,0,0
0,0,-0.050212,0,0,-0.022324,0,0,-0.0049442,0,0,5.5873e-05,1,0,0,0,1,0,0,0
0,0,-0.050436,0,0,-0.022374,0,0,-0.0049441,0,0,5.5997e-05,1,0,0,0,1,0,0,0
0,0,-0.05066,0,0,-0.022423,0,0,-0.0049439,0,0,5.612e-05,1,0,0,0,1,0,0,0
0,0,-0.050884,0,0,-0.022473,0,0,-0.0049438,0,0,5.6244e-05,1,0,0,0,1,0,0,0
0,0,-0.051109,0,0,-0.022522,0,0,-0.0049437,0,0,5.6367e-05,1,0,0,0,1,0,0,0
0,0,-0.051335,0,0,-0.022572,0,0,-0.0049436,0,0,5.6491e-05,1,0,0,0,1,0,0,0
0,0,-0.051561,0,0,-0.022621,0,0,-0.0049434,0,0,5.6615e-05,1,0,0,0,1,0,0,0
0,0,-0.051787,0,0,-0.022671,0,0,-0.0049433,0,0,5.6738e-05,1,0,0,0,1,0,0,0
0,0,-0.052014,0,0,-0.02272,0,0,-0.0049432,0,0,5.6862e-05,1,0,0,0,1,0,0,0
0,0,-0.052241,0,0,-0.022769,0,0,-0.0049431,0,0,5.6985e-05,1,0,0,0,1,0,0,0
0,0,-0.052469,0,0,-0.022819,0,0,-0.004943,0,0,5.7109e-05,1,0,0,0,1,0,0,0
0,0,-0.052698,0,0,-0.022868,0,0,-0.0049428,0,0,5.7232e-05,1,0,0,0,1,0,0,0
0,0,-0.052927,0,0,-0.022918,0,0,-0.0049427,0,0,5.7356e-05,1,0,0,0,1,0,0,0
0,0,-0.053156,0,0,-0.022967,0,0,-0.0049426,0,0,5.748e-05,1,0,0,0,1,0,0,0
0,0,-0.053386,0,0,-0.023017,0,0,-0.0049425,0,0,5.7603e-05,1,0,0,0,1,0,0,0
0,0,-0.053616,0,0,-0.023066,0,0,-0.0049423,0,0,5.7727e-05,1,0,0,0,1,0,0,0
0,0,-0.053847,0,0,-0.023115,0,0,-0.0049422,0,0,5.785e-05,1,0,0,0,1,0,0,0
0,0,-0.054079,0,0,-0.023165,0,0,-0.0049421,0,0,5.7974e-05,1,0,0,0,1,0,0,0
0,0,-0.054311,0,0,-0.023214,0,0,-0.004942,0,0,5.8097e-05,1,0,0,0,1,0,0,0
0,0,-0.054543,0,0,-0.023264,0,0,-0.0049418,0,0,5.8221e-05,1,0,0,0,1,0,0,0
0,0,-0.054776,0,0,-0.023313,0,0,-0.0049417,0,0,5.8344e-05,1,0,0,0,1,0,0,0
0,0,-0.055009,0,0,-0.023362,0,0,-0.0049416,0,0,5.8468e-05,1,0,0,0,1,0,0,0
0,0,-0.055243,0,0,-0.023412,0,0,-0.0049415,0,0,5.8591e-05,1,0,0,0,1,0,0,0
0,0,-0.055478,0,0,-0.023461,0,0,-0.0049413,0,0,5.8715e-05,1,0,0,0,1,0,0,0
0,0,-0.055712,0,0,-0.023511,0,0,-0.0049412,0,0,5.8839e-05,1,0,0,0,1,0,0,0
0,0,-0.055948,0,0,-0.02356,0,0,-0.0049411,0,0,5.8962e-05,1,0,0,0,1,0,0,0
0,0,-0.056184,0,0,-0.02361,0,0,-0.004941,0,0,5.9086e-05,1,0,0,0,1,0,0,0
0,0,-0.05642,0,0,-0.023659,0,0,-0.0049409,0,0,5.9209e-05,1,0,0,0,1,0,0,0
0,0,-0.056657,0,0,-0.023708,0,0,-0.0049407,0,0,5.9333e-05,1,0,0,0,1,0,0,0
0,0,-0.056894,0,0,-0.023758,0,0,-0.0049406,0,0,5.9456e-05,1,0,0,0,1,0,0,0
0,0,-0.057132,0,0,-0.023807,0,0,-0.0049405,0,0,5.958e-05,1,0,0,0,1,0,0,0
0,0,-0.05737,0,0,-0.023857,0,0,-0.0049404,0,0,5.9703e-05,1,0,0,0,1,0,0,0
0,0,-0.057609,0,0,-0.023906,0,0,-0.0049402,0,0,5.9827e-05,1,0,0,0,1,0,0,0
0,0,-0.057848,0,0,-0.023955,0,0,-0.0049401,0,0,5.995e-05,1,0,0,0,1,0,0,0
0,0,-0.058088,0,0,-0.024005,0,0,-0.00494,0,0,6.0074e-05,1,0,0,0,1,0,0,0
0,0,-0.058329,0,0,-0.024054,0,0,-0.0049399,0,0,6.0197e-05,1,0,0,0,1,0,0,0
0,0,-0.058569,0,0,-0.024104,0,0,-0.0049397,0,0,6.0321e-05,1,0,0,0,1,0,0,0
0,0,-0.058811,0,0,-0.024153,0,0,-0.0049396,0,0,6.0444e-05,1,0,0,0,1,0,0,0
0,0,-0.059052,0,0,-0.024202,0,0,-0.0049395,0,0,6.0568e-05,1,0,0,0,1,0,0,0
0,0,-0.059295,0,0,-0.024252,0,0,-0.0049394,0,0,6.0691e-05,1,0,0,0,1,0,0,0
0,0,-0.059537,0,0,-0.024301,0,0,-0.0049392,0,0,6.0815e-05,1,0,0,0,1,0,0,0
0,0,-0.059781,0,0,-0.024351,0,0,-0.0049391,0,0,6.0938e-05,1,0,0,0,1,0,0,0
0,0,-0.060024,0,0,-0.0244,0,0,-0.004939,0,0,6.1062e-05,1,0,0,0,1,0,0,0
0,0,-0.060269,0,0,-0.024449,0,0,-0.0049389,0,0,6.1185e-05,1,0,0,0,1,0,0,0
0,0,-0.060513,0,0,-0.024499,0,0,-0.0049388,0,0,6.1309e-05,1,0,0,0,1,0,0,0
0,0,-0.060759,0,0,-0.024548,0,0,-0.0049386,0,0,6.1432e-05,1,0,0,0,1,0,0,0
0,0,-0.061004,0,0,-0.024597,0,0,-0.0049385,0,0,6.1555e-05,1,0,0,0,1,0,0,0
0,0,-0.061251,0,0,-0.024647,0,0,-0.0049384,0,0,6.1679e-05,1,0,0,0,1,0,0,0
0,0,-0.061497,0,0,-0.024696,0,0,-0.0049383,0,0,6.1802e-05,1,0,0,0,1,0,0,0
0,0,-0.061744,0,0,-0.024746,0,0,-0.0049381,0,0,6.1926e-05,1,0,0,0,1,0,0,0
0,0,-0.061992,0,0,-0.024795,0,0,-0.004938,0,0,6.2049e-05,1,0,0,0,1,0,0,0
0,0,-0.06224,0,0,-0.024844,0,0,-0.0049379,0,0,6.2173e-05,1,0,0,0,1,0,0,0
0,0,-0.062489,0,0,-0.024894,0,0,-0.0049378,0,0,6.2296e-05,1,0,0,0,1,0,0,0
0,0,-0.062738,0,0,-0.024943,0,0,-0.0049376,0,0,6.242e-05,1,0,0,0,1,0,0,0
0,0,-0.062988,0,0,-0.024993,0,0,-0.0049375,0,0,6.2543e-05,1,0,0,0,1,0,0,0
0,0,-0.063238,0,0,-0.025042,0,0,-0.0049374,0,0,6.2666e-05,1,0,0,0,1,0,0,0
0,0,-0.063489,0,0,-0.025091,0,0,-0.0049373,0,0,6.279e-05,1,0,0,0,1,0,0,0
0,0,-0.06374,0,0,-0.025141,0,0,-0.0049371,0,0,6.2913e-05,1,0,0,0,1,0,0,0
0,0,-0.063992,0,0,-0.02519,0,0,-0.004937,0,0,6.3037e-05,1,0,0,0,1,0,0,0
0,0,-0.064244,0,0,-0.025239,0,0,-0.0049369,0,0,6.316e-05,1,0,0,0,1,0,0,0
0,0,-0.064496,0,0,-0.025289,0,0,-0.0049368,0,0,6.3284e-05,1,0,0,0,1,0,0,0
0,0,-0.06475,0,0,-0.025338,0,0,-0.0049367,0,0,6.3407e-05,1,0,0,0,1,0,0,0
0,0,-0.065003,0,0,-0.025387,0,0,-0.0049365,0,0,6.353e-05,1,0,0,0,1,0,0,0
0,0,-0.065257,0,0,-0.025437,0,0,-0.0049364,0,0,6.3654e-05,1,0,0,0,1,0,0,0
0,0,-0.065512,0,0,-0.025486,0,0,-0.0049363,0,0,6.3777e-05,1,0,0,0,1,0,0,0
0,0,-0.065767,0,0,-0.025536,0,0,-0.0049362,0,0,6.3901e-05,1,0,0,0,1,0,0,0
0,0,-0.066023,0,0,-0.025585,0,0,-0.004936,0,0,6.4024e-05,1,0,0,0,1,0,0,0
0,0,-0.066279,0,0,-0.025634,0,0,-0.0049359,0,0,6.4147e-05,1,0,0,0,1,0,0,0
0,0,-0.066535,0,0,-0.025684,0,0,-0.0049358,0,0,6.4271e-05,1,0,0,0,1,0,0,0
0,0,-0.066792,0,0,-0.025733,0,0,-0.0049357,0,0,6.4394e-05,1,0,0,0,1,0,0,0
0,0,-0.06705,0,0,-0.025782,0,0,-0.0049355,0,0,6.4518e-05,1,0,0,0,1,0,0,0
0,0,-0.067308,0,0,-0.025832,0,0,-0.0049354,0,0,6.4641e-05,1,0,0,0,1,0,0,0
0,0,-0.067567,0,0,-0.025881,0,0,-0.0049353,0,0,6.4764e-05,1,0,0,0,1,0,0,0
0,0,-0.067826,0,0,-0.02593,0,0,-0.0049352,0,0,6.4888e-05,1,0,0,0,1,0,0,0
0,0,-0.068085,0,0,-0.02598,0,0,-0.0049351,0,0,6.5011e-05,1,0,0,0,1,0,0,0
0,0,-0.068345,0,0,-0.026029,0,0,-0.0049349,0,0,6.5135e-05,1,0,0,0,1,0,0,0
0,0,-0.068606,0,0,-0.026078,0,0,-0.0049348,0,0,6.5258e-05,1,0,0,0,1,0,0,0
0,0,-0.068867,0,0,-0.026128,0,0,-0.0049347,0,0,6.5381e-05,1,0,0,0,1,0,0,0
0,0,-0.069128,0,0,-0.026177,0,0,-0.0049346,0,0,6.5505e-05,1,0,0,0,1,0,0,0
0,0,-0.06939,0,0,-0.026227,0,0,-0.0049344,0,0,6.5628e-05,1,0,0,0,1,0,0,0
0,0,-0.069653,0,0,-0.026276,0,0,-0.0049343,0,0,6.5751e-05,1,0,0,0,1,0,0,0
0,0,-0.069916,0,0,-0.026325,0,0,-0.0049342,0,0,6.5875e-05,1,0,0,0,1,0,0,0
0,0,-0.070179,0,0,-0.026375,0,0,-0.0049341,0,0,6.5998e-05,1,0,0,0,1,0,0,0
0,0,-0.070443,0,0,-0.026424,0,0,-0.0049339,0,0,6.6121e-05,1,0,0,0,1,0,0,0
0,0,-0.070708,0,0,-0.026473,0,0,-0.0049338,0,0,6.6245e-05,1,0,0,0,1,0,0,0
0,0,-0.070973,0,0,-0.026523,0,0,-0.0049337,0,0,6.6368e-05,1,0,0,0,1,0,0,0
0,0,-0.071238,0,0,-0.026572,0,0,-0.0049336,0,0,6.6491e-05,1,0,0,0,1,0,0,0
0,0,-0.071504,0,0,-0.026621,0,0,-0.0049334,0,0,6.6615e-05,1,0,0,0,1,0,0,0
0,0,-0.071771,0,0,-0.026671,0,0,-0.0049333,0,0,6.6738e-05,1,0,0,0,1,0,0,0
0,0,-0.072038,0,0,-0.02672,0,0,-0.0049332,0,0,6.6861e-05,1,0,0,0,1,0,0,0
0,0,-0.072305,0,0,-0.026769,0,0,-0.0049331,0,0,6.6985e-05,1,0,0,0,1,0,0,0
0,0,-0.072573,0,0,-0.026819,0,0,-0.004933,0,0,6.7108e-05,1,0,0,0,1,0,0,0
0,0,-0.072841,0,0,-0.026868,0,0,-0.0049328,0,0,6.7231e-05,1,0,0,0,1,0,0,0
0,0,-0.07311,0,0,-0.026917,0,0,-0.0049327,0,0,6.7355e-05,1,0,0,0,1,0,0,0
0,0,-0.07338,0,0,-0.026967,0,0,-0.0049326,0,0,6.7478e-05,1,0,0,0,1,0,0,0
0,0,-0.07365,0,0,-0.027016,0,0,-0.0049325,0,0,6.7601e-05,1,0,0,0,1,0,0,0
0,0,-0.07392,0,0,-0.027065,0,0,-0.0049323,0,0,6.7725e-05,1,0,0,0,1,0,0,0
0,0,-0.074191,0,0,-0.027115,0,0,-0.0049322,0,0,6.7848e-05,1,0,0,0,1,0,0,0
0,0,-0.074462,0,0,-0.027164,0,0,-0.0049321,0,0,6.7971e-05,1,0,0,0,1,0,0,0
0,0,-0.074734,0,0,-0.027213,0,0,-0.004932,0,0,6.8095e-05,1,0,0,0,1,0,0,0
0,0,-0.075007,0,0,-0.027262,0,0,-0.0049318,0,0,6.8218e-05,1,0,0,0,1,0,0,0
0,0,-0.07528,0,0,-0.027312,0,0,-0.0049317,0,0,6.8341e-05,1,0,0,0,1,0,0,0
0,0,-0.075553,0,0,-0.027361,0,0,-0.0049316,0,0,6.8464e-05,1,0,0,0,1,0,0,0
0,0,-0.075827,0,0,-0.02741,0,0,-0.0049315,0,0,6.8588e-05,1,0,0,0,1,0,0,0
0,0,-0.076101,0,0,-0.02746,0,0,-0.0049314,0,0,6.8711e-05,1,0,0,0,1,0,0,0
0,0,-0.076376,0,0,-0.027509,0,0,-0.0049312,0,0,6.8834e-05,1,0,0,0,1,0,0,0
0,0,-0.076651,0,0,-0.027558,0,0,-0.0049311,0,0,6.8958e-05,1,0,0,0,1,0,0,0
0,0,-0.076927,0,0,-0.027608,0,0,-0.004931,0,0,6.9081e-05,1,0,0,0,1,0,0,0
0,0,-0.077203,0,0,-0.027657,0,0,-0.0049309,0,0,6.9204e-05,1,0,0,0,1,0,0,0
0,0,-0.07748,0,0,-0.027706,0,0,-0.0049307,0,0,6.9327e-05,1,0,0,0,1,0,0,0
0,0,-0.077758,0,0,-0.027756,0,0,-0.0049306,0,0,6.9451e-05,1,0,0,0,1,0,0,0
0,0,-0.078035,0,0,-0.027805,0,0,-0.0049305,0,0,6.9574e-05,1,0,0,0,1,0,0,0
0,0,-0.078314,0,0,-0.027854,0,0,-0.0049304,0,0,6.9697e-05,1,0,0,0,1,0,0,0
0,0,-0.078592,0,0,-0.027904,0,0,-0.0049302,0,0,6.982e-05,1,0,0,0,1,0,0,0
0,0,-0.078872,0,0,-0.027953,0,0,-0.0049301,0,0,6.9944e-05,1,0,0,0,1,0,0,0
0,0,-0.079152,0,0,-0.028002,0,0,-0.00493,0,0,7.0067e-05,1,0,0,0,1,0,0,0
0,0,-0.079432,0,0,-0.028051,0,0,-0.0049299,0,0,7.019e-05,1,0,0,0,1,0,0,0
0,0,-0.079713,0,0,-0.028101,0,0,-0.0049297,0,0,7.0313e-05,1,0,0,0,1,0,0,0
0,0,-0.079994,0,0,-0.02815,0,0,-0.0049296,0,0,7.0437e-05,1,0,0,0,1,0,0,0
0,0,-0.080276,0,0,-0.028199,0,0,-0.0049295,0,0,7.056e-05,1,0,0,0,1,0,0,0
0,0,-0.080558,0,0,-0.028249,0,0,-0.0049294,0,0,7.0683e-05,1,0,0,0,1,0,0,0
0,0,-0.080841,0,0,-0.028298,0,0,-0.0049293,0,0,7.0806e-05,1,0,0,0,1,0,0,0
0,0,-0.081124,0,0,-0.028347,0,0,-0.0049291,0,0,7.093e-05,1,0,0,0,1,0,0,0
0,0,-0.081407,0,0,-0.028396,0,0,-0.004929,0,0,7.1053e-05,1,0,0,0,1,0,0,0
0,0,-0.081692,0,0,-0.028446,0,0,-0.0049289,0,0,7.1176e-05,1,0,0,0,1,0,0,0
0,0,-0.081976,0,0,-0.028495,0,0,-0.0049288,0,0,7.1299e-05,1,0,0,0,1,0,0,0
0,0,-0.082262,0,0,-0.028544,0,0,-0.0049286,0,0,7.1422e-05,1,0,0,0,1,0,0,0
0,0,-0.082547,0,0,-0.028594,0,0,-0.0049285,0,0,7.1546e-05,1,0,0,0,1,0,0,0
0,0,-0.082833,0,0,-0.028643,0,0,-0.0049284,0,0,7.1669e-05,1,0,0,0,1,0,0,0
0,0,-0.08312,0,0,-0.028692,0,0,-0.0049283,0,0,7.1792e-05,1,0,0,0,1,0,0,0
0,0,-0.083407,0,0,-0.028741,0,0,-0.0049281,0,0,7.1915e-05,1,0,0,0,1,0,0,0
0,0,-0.083695,0,0,-0.028791,0,0,-0.004928,0,0,7.2039e-05,1,0,0,0,1,0,0,0
0,0,-0.083983,0,0,-0.02884,0,0,-0.0049279,0,0,7.2162e-05,1,0,0,0,1,0,0,0
0,0,-0.084272,0,0,-0.028889,0,0,-0.0049278,0,0,7.2285e-05,1,0,0,0,1,0,0,0
0,0,-0.084561,0,0,-0.028939,0,0,-0.0049277,0,0,7.2408e-05,1,0,0,0,1,0,0,0
0,0,-0.084851,0,0,-0.028988,0,0,-0.0049275,0,0,7.2531e-05,1,0,0,0,1,0,0,0
0,0,-0.085141,0,0,-0.029037,0,0,-0.0049274,0,0,7.2654e-05,1,0,0,0,1,0,0,0
0,0,-0.085431,0,0,-0.029086,0,0,-0.0049273,0,0,7.2778e-05,1,0,0,0,1,0,0,0
0,0,-0.085722,0,0,-0.029136,0,0,-0.0049272,0,0,7.2901e-05,1,0,0,0,1,0,0,0
0,0,-0.086014,0,0,-0.029185,0,0,-0.004927,0,0,7.3024e-05,1,0,0,0,1,0,0,0
0,0,-0.086306,0,0,-0.029234,0,0,-0.0049269,0,0,7.3147e-05,1,0,0,0,1,0,0,0
0,0,-0.086599,0,0,-0.029284,0,0,-0.0049268,0,0,7.327e-05,1,0,0,0,1,0,0,0
0,0,-0.086892,0,0,-0.029333,0,0,-0.0049267,0,0,7.3394e-05,1,0,0,0,1,0,0,0
0,0,-0.087185,0,0,-0.029382,0,0,-0.0049265,0,0,7.3517e-05,1,0,0,0,1,0,0,0
0,0,-0.087479,0,0,-0.029431,0,0,-0.0049264,0,0,7.364e-05,1,0,0,0,1,0,0,0
0,0,-0.087774,0,0,-0.029481,0,0,-0.0049263,0,0,7.3763e-05,1,0,0,0,1,0,0,0
0,0,-0.088069,0,0,-0.02953,0,0,-0.0049262,0,0,7.3886e-05,1,0,0,0,1,0,0,0
0,0,-0.088365,0,0,-0.029579,0,0,-0.0049261,0,0,7.4009e-05,1,0,0,0,1,0,0,0
0,0,-0.088661,0,0,-0.029628,0,0,-0.0049259,0,0,7.4132e-05,1,0,0,0,1,0,0,0
0,0,-0.088957,0,0,-0.029678,0,0,-0.0049258,0,0,7.4256e-05,1,0,0,0,1,0,0,0
0,0,-0.089254,0,0,-0.029727,0,0,-0.0049257,0,0,7.4379e-05,1,0,0,0,1,0,0,0
0,0,-0.089552,0,0,-0.029776,0,0,-0.0049256,0,0,7.4502e-05,1,0,0,0,1,0,0,0
0,0,-0.08985,0,0,-0.029825,0,0,-0.0049254,0,0,7.4625e-05,1,0,0,0,1,0,0,0
0,0,-0.090148,0,0,-0.029875,0,0,-0.0049253,0,0,7.4748e-05,1,0,0,0,1,0,0,0
0,0,-0.090447,0,0,-0.029924,0,0,-0.0049252,0,0,7.4871e-05,1,0,0,0,1,0,0,0
0,0,-0.090747,0,0,-0.029973,0,0,-0.0049251,0,0,7.4994e-05,1,0,0,0,1,0,0,0
0,0,-0.091047,0,0,-0.030022,0,0,-0.0049249,0,0,7.5118e-05,1,0,0,0,1,0,0,0
0,0,-0.091347,0,0,-0.030072,0,0,-0.0049248,0,0,7.5241e-05,1,0,0,0,1,0,0,0
0,0,-0.091648,0,0,-0.030121,0,0,-0.0049247,0,0,7.5364e-05,1,0,0,0,1,0,0,0
0,0,-0.09195,0,0,-0.03017,0,0,-0.0049246,0,0,7.5487e-05,1,0,0,0,1,0,0,0
0,0,-0.092251,0,0,-0.030219,0,0,-0.0049245,0,0,7.561e-05,1,0,0,0,1,0,0,0
0,0,-0.092554,0,0,-0.030269,0,0,-0.0049243,0,0,7.5733e-05,1,0,0,0,1,0,0,0
0,0,-0.092857,0,0,-0.030318,0,0,-0.0049242,0,0,7.5856e-05,1,0,0,0,1,0,0,0
0,0,-0.09316,0,0,-0.030367,0,0,-0.0049241,0,0,7.5979e-05,1,0,0,0,1,0,0,0
0,0,-0.093464,0,0,-0.030416,0,0,-0.004924,0,0,7.6102e-05,1,0,0,0,1,0,0,0
0,0,-0.093769,0,0,-0.030466,0,0,-0.0049238,0,0,7.6225e-05,1,0,0,0,1,0,0,0
0,0,-0.094074,0,0,-0.030515,0,0,-0.0049237,0,0,7.6349e-05,1,0,0,0,1,0,0,0
0,0,-0.094379,0,0,-0.030564,0,0,-0.0049236,0,0,7.6472e-05,1,0,0,0,1,0,0,0
0,0,-0.094685,0,0,-0.030613,0,0,-0.0049235,0,0,7.6595e-05,1,0,0,0,1,0,0,0
0,0,-0.094991,0,0,-0.030663,0,0,-0.0049233,0,0,7.6718e-05,1,0,0,0,1,0,0,0
0,0,-0.095298,0,0,-0.030712,0,0,-0.0049232,0,0,7.6841e-05,1,0,0,0,1,0,0,0
0,0,-0.095605,0,0,-0.030761,0,0,-0.0049231,0,0,7.6964e-05,1,0,0,0,1,0,0,0
0,0,-0.095913,0,0,-0.03081,0,0,-0.004923,0,0,7.7087e-05,1,0,0,0,1,0,0,0
0,0,-0.096222,0,0,-0.030859,0,0,-0.0049229,0,0,7.721e-05,1,0,0,0,1,0,0,0
0,0,-0.09653,0,0,-0.030909,0,0,-0.0049227,0,0,7.7333e-05,1,0,0,0,1,0,0,0
0,0,-0.09684,0,0,-0.030958,0,0,-0.0049226,0,0,7.7456e-05,1,0,0,0,1,0,0,0
0,0,-0.09715,0,0,-0.031007,0,0,-0.0049225,0,0,7.7579e-05,1,0,0,0,1,0,0,0
0,0,-0.09746,0,0,-0.031056,0,0,-0.0049224,0,0,7.7702e-05,1,0,0,0,1,0,0,0
0,0,-0.097771,0,0,-0.031106,0,0,-0.0049222,0,0,7.7825e-05,1,0,0,0,1,0,0,0
0,0,-0.098082,0,0,-0.031155,0,0,-0.0049221,0,0,7.7949e-05,1,0,0,0,1,0,0,0
0,0,-0.098394,0,0,-0.031204,0,0,-0.004922,0,0,7.8072e-05,1,0,0,0,1,0,0,0
0,0,-0.098706,0,0,-0.031253,0,0,-0.0049219,0,0,7.8195e-05,1,0,0,0,1,0,0,0
0,0,-0.099019,0,0,-0.031302,0,0,-0.0049217,0,0,7.8318e-05,1,0,0,0,1,0,0,0
0,0,-0.099332,0,0,-0.031352,0,0,-0.0049216,0,0,7.8441e-05,1,0,0,0,1,0,0,0
0,0,-0.099646,0,0,-0.031401,0,0,-0.0049215,0,0,7.8564e-05,1,0,0,0,1,0,0,0
0,0,-0.09996,0,0,-0.03145,0,0,-0.0049214,0,0,7.8687e-05,1,0,0,0,1,0,0,0
0,0,-0.10027,0,0,-0.031499,0,0,-0.0049213,0,0,7.881e-05,1,0,0,0,1,0,0,0
0,0,-0.10059,0,0,-0.031549,0,0,-0.0049211,0,0,7.8933e-05,1,0,0,0,1,0,0,0
0,0,-0.10091,0,0,-0.031598,0,0,-0.004921,0,0,7.9056e-05,1,0,0,0,1,0,0,0
0,0,-0.10122,0,0,-0.031647,0,0,-0.0049209,0,0,7.9179e-05,1,0,0,0,1,0,0,0
0,0,-0.10154,0,0,-0.031696,0,0,-0.0049208,0,0,7.9302e-05,1,0,0,0,1,0,0,0
0,0,-0.10186,0,0,-0.031745,0,0,-0.0049206,0,0,7.9425e-05,1,0,0,0,1,0,0,0
0,0,-0.10217,0,0,-0.031795,0,0,-0.0049205,0,0,7.9548e-05,1,0,0,0,1,0,0,0
0,0,-0.10249,0,0,-0.031844,0,0,-0.0049204,0,0,7.9671e-05,1,0,0,0,1,0,0,0
0,0,-0.10281,0,0,-0.031893,0,0,-0.0049203,0,0,7.9794e-05,1,0,0,0,1,0,0,0
0,0,-0.10313,0,0,-0.031942,0,0,-0.0049201,0,0,7.9917e-05,1,0,0,0,1,0,0,0
0,0,-0.10345,0,0,-0.031991,0,0,-0.00492,0,0,8.004e-05,1,0,0,0,1,0,0,0
0,0,-0.10377,0,0,-0.032041,0,0,-0.0049199,0,0,8.0163e-05,1,0,0,0,1,0,0,0
0,0,-0.10409,0,0,-0.03209,0,0,-0.0049198,0,0,8.0286e-05,1,0,0,0,1,0,0,0
0,0,-0.10441,0,0,-0.032139,0,0,-0.0049197,0,0,8.0409e-05,1,0,0,0,1,0,0,0
0,0,-0.10473,0,0,-0.032188,0,0,-0.0049195,0,0,8.0532e-05,1,0,0,0,1,0,0,0
0,0,-0.10506,0,0,-0.032237,0,0,-0.0049194,0,0,8.0655e-05,1,0,0,0,1,0,0,0
0,0,-0.10538,0,0,-0.032287,0,0,-0.0049193,0,0,8.0778e-05,1,0,0,0,1,0,0,0
0,0,-0.1057,0,0,-0.032336,0,0,-0.0049192,0,0,8.0901e-05,1,0,0,0,1,0,0,0
0,0,-0.10602,0,0,-0.032385,0,0,-0.004919,0,0,8.1024e-05,1,0,0,0,1,0,0,0
0,0,-0.10635,0,0,-0.032434,0,0,-0.0049189,0,0,8.1147e-05,1,0,0,0,1,0,0,0
0,0,-0.10667,0,0,-0.032483,0,0,-0.0049188,0,0,8.127e-05,1,0,0,0,1,0,0,0
0,0,-0.107,0,0,-0.032533,0,0,-0.0049187,0,0,8.1393e-05,1,0,0,0,1,0,0,0
0,0,-0.10732,0,0,-0.032582,0,0,-0.0049185,0,0,8.1516e-05,1,0,0,0,1,0,0,0
0,0,-0.10765,0,0,-0.032631,0,0,-0.0049184,0,0,8.1639e-05,1,0,0,0,1,0,0,0
0,0,-0.10798,0,0,-0.03268,0,0,-0.0049183,0,0,8.1762e-05,1,0,0,0,1,0,0,0
0,0,-0.1083,0,0,-0.032729,0,0,-0.0049182,0,0,8.1885e-05,1,0,0,0,1,0,0,0
0,0,-0.10863,0,0,-0.032778,0,0,-0.0049181,0,0,8.2008e-05,1,0,0,0,1,0,0,0
0,0,-0.10896,0,0,-0.032828,0,0,-0.0049179,0,0,8.213e-05,1,0,0,0,1,0,0,0
0,0,-0.10929,0,0,-0.032877,0,0,-0.0049178,0,0,8.2253e-05,1,0,0,0,1,0,0,0
0,0,-0.10962,0,0,-0.032926,0,0,-0.0049177,0,0,8.2376e-05,1,0,0,0,1,0,0,0
0,0,-0.10995,0,0,-0.032975,0,0,-0.0049176,0,0,8.2499e-05,1,0,0,0,1,0,0,0
0,0,-0.11028,0,0,-0.033024,0,0,-0.0049174,0,0,8.2622e-05,1,0,0,0,1,0,0,0
0,0,-0.11061,0,0,-0.033073,0,0,-0.0049173,0,0,8.2745e-05,1,0,0,0,1,0,0,0
0,0,-0.11094,0,0,-0.033123,0,0,-0.0049172,0,0,8.2868e-05,1,0,0,0,1,0,0,0
0,0,-0.11127,0,0,-0.033172,0,0,-0.0049171,0,0,8.2991e-05,1,0,0,0,1,0,0,0
0,0,-0.1116,0,0,-0.033221,0,0,-0.0049169,0,0,8.3114e-05,1,0,0,0,1,0,0,0
0,0,-0.11193,0,0,-0.03327,0,0,-0.0049168,0,0,8.3237e-05,1,0,0,0,1,0,0,0
0,0,-0.11227,0,0,-0.033319,0,0,-0.0049167,0,0,8.336e-05,1,0,0,0,1,0,0,0
0,0,-0.1126,0,0,-0.033369,0,0,-0.0049166,0,0,8.3483e-05,1,0,0,0,1,0,0,0
0,0,-0.11293,0,0,-0.033418,0,0,-0.0049165,0,0,8.3606e-05,1,0,0,0,1,0,0,0
0,0,-0.11327,0,0,-0.033467,0,0,-0.0049163,0,0,8.3729e-05,1,0,0,0,1,0,0,0
0,0,-0.1136,0,0,-0.033516,0,0,-0.0049162,0,0,8.3851e-05,1,0,0,0,1,0,0,0
0,0,-0.11394,0,0,-0.033565,0,0,-0.0049161,0,0,8.3974e-05,1,0,0,0,1,0,0,0
0,0,-0.11427,0,0,-0.033614,0,0,-0.004916,0,0,8.4097e-05,1,0,0,0,1,0,0,0
0,0,-0.11461,0,0,-0.033663,0,0,-0.0049158,0,0,8.422e-05,1,0,0,0,1,0,0,0
0,0,-0.11495,0,0,-0.033713,0,0,-0.0049157,0,0,8.4343e-05,1,0,0,0,1,0,0,0
0,0,-0.11529,0,0,-0.033762,0,0,-0.0049156,0,0,8.4466e-05,1,0,0,0,1,0,0,0
0,0,-0.11562,0,0,-0.033811,0,0,-0.0049155,0,0,8.4589e-05,1,0,0,0,1,0,0,0
0,0,-0.11596,0,0,-0.03386,0,0,-0.0049153,0,0,8.4712e-05,1,0,0,0,1,0,0,0
0,0,-0.1163,0,0,-0.033909,0,0,-0.0049152,0,0,8.4835e-05,1,0,0,0,1,0,0,0
0,0,-0.11664,0,0,-0.033958,0,0,-0.0049151,0,0,8.4957e-05,1,0,0,0,1,0,0,0
0,0,-0.11698,0,0,-0.034008,0,0,-0.004915,0,0,8.508e-05,1,0,0,0,1,0,0,0
0,0,-0.11732,0,0,-0.034057,0,0,-0.0049149,0,0,8.5203e-05,1,0,0,0,1,0,0,0
0,0,-0.11766,0,0,-0.034106,0,0,-0.0049147,0,0,8.5326e-05,1,0,0,0,1,0,0,0
0,0,-0.118,0,0,-0.034155,0,0,-0.0049146,0,0,8.5449e-05,1,0,0,0,1,0,0,0
0,0,-0.11834,0,0,-0.034204,0,0,-0.0049145,0,0,8.5572e-05,1,0,0,0,1,0,0,0
0,0,-0.11869,0,0,-0.034253,0,0,-0.0049144,0,0,8.5695e-05,1,0,0,0,1,0,0,0
0,0,-0.11903,0,0,-0.034302,0,0,-0.0049142,0,0,8.5817e-05,1,0,0,0,1,0,0,0
0,0,-0.11937,0,0,-0.034352,0,0,-0.0049141,0,0,8.594e-05,1,0,0,0,1,0,0,0
0,0,-0.11972,0,0,-0.034401,0,0,-0.004914,0,0,8.6063e-05,1,0,0,0,1,0,0,0
0,0,-0.12006,0,0,-0.03445,0,0,-0.0049139,0,0,8.6186e-05,1,0,0,0,1,0,0,0
0,0,-0.1204,0,0,-0.034499,0,0,-0.0049138,0,0,8.6309e-05,1,0,0,0,1,0,0,0
0,0,-0.12075,0,0,-0.034548,0,0,-0.0049136,0,0,8.6432e-05,1,0,0,0,1,0,0,0
0,0,-0.1211,0,0,-0.034597,0,0,-0.0049135,0,0,8.6555e-05,1,0,0,0,1,0,0,0
0,0,-0.12144,0,0,-0.034646,0,0,-0.0049134,0,0,8.6677e-05,1,0,0,0,1,0,0,0
0,0,-0.12179,0,0,-0.034696,0,0,-0.0049133,0,0,8.68e-05,1,0,0,0,1,0,0,0
0,0,-0.12214,0,0,-0.034745,0,0,-0.0049131,0,0,8.6923e-05,1,0,0,0,1,0,0,0
0,0,-0.12248,0,0,-0.034794,0,0,-0.004913,0,0,8.7046e-05,1,0,0,0,1,0,0,0
0,0,-0.12283,0,0,-0.034843,0,0,-0.0049129,0,0,8.7169e-05,1,0,0,0,1,0,0,0
0,0,-0.12318,0,0,-0.034892,0,0,-0.0049128,0,0,8.7292e-05,1,0,0,0,1,0,0,0
0,0,-0.12353,0,0,-0.034941,0,0,-0.0049126,0,0,8.7414e-05,1,0,0,0,1,0,0,0
0,0,-0.12388,0,0,-0.03499,0,0,-0.0049125,0,0,8.7537e-05,1,0,0,0,1,0,0,0
0,0,-0.12423,0,0,-0.035039,0,0,-0.0049124,0,0,8.766e-05,1,0,0,0,1,0,0,0
0,0,-0.12458,0,0,-0.035089,0,0,-0.0049123,0,0,8.7783e-05,1,0,0,0,1,0,0,0
0,0,-0.12493,0,0,-0.035138,0,0,-0.0049122,0,0,8.7906e-05,1,0,0,0,1,0,0,0
0,0,-0.12528,0,0,-0.035187,0,0,-0.004912,0,0,8.8028e-05,1,0,0,0,1,0,0,0
0,0,-0.12563,0,0,-0.035236,0,0,-0.0049119,0,0,8.8151e-05,1,0,0,0,1,0,0,0
0,0,-0.12599,0,0,-0.035285,0,0,-0.0049118,0,0,8.8274e-05,1,0,0,0,1,0,0,0
0,0,-0.12634,0,0,-0.035334,0,0,-0.0049117,0,0,8.8397e-05,1,0,0,0,1,0,0,0
0,0,-0.12669,0,0,-0.035383,0,0,-0.0049115,0,0,8.852e-05,1,0,0,0,1,0,0,0
0,0,-0.12705,0,0,-0.035432,0,0,-0.0049114,0,0,8.8642e-05,1,0,0,0,1,0,0,0
0,0,-0.1274,0,0,-0.035481,0,0,-0.0049113,0,0,8.8765e-05,1,0,0,0,1,0,0,0
0,0,-0.12776,0,0,-0.035531,0,0,-0.0049112,0,0,8.8888e-05,1,0,0,0,1,0,0,0
0,0,-0.12811,0,0,-0.03558,0,0,-0.0049111,0,0,8.9011e-05,1,0,0,0,1,0,0,0
0,0,-0.12847,0,0,-0.035629,0,0,-0.0049109,0,0,8.9133e-05,1,0,0,0,1,0,0,0
0,0,-0.12883,0,0,-0.035678,0,0,-0.0049108,0,0,8.9256e-05,1,0,0,0,1,0,0,0
0,0,-0.12918,0,0,-0.035727,0,0,-0.0049107,0,0,8.9379e-05,1,0,0,0,1,0,0,0
0,0,-0.12954,0,0,-0.035776,0,0,-0.0049106,0,0,8.9502e-05,1,0,0,0,1,0,0,0
0,0,-0.1299,0,0,-0.035825,0,0,-0.0049104,0,0,8.9625e-05,1,0,0,0,1,0,0,0
0,0,-0.13026,0,0,-0.035874,0,0,-0.0049103,0,0,8.9747e-05,1,0,0,0,1,0,0,0
0,0,-0.13062,0,0,-0.035923,0,0,-0.0049102,0,0,8.987e-05,1,0,0,0,1,0,0,0
0,0,-0.13098,0,0,-0.035973,0,0,-0.0049101,0,0,8.9993e-05,1,0,0,0,1,0,0,0
0,0,-0.13134,0,0,-0.036022,0,0,-0.0049099,0,0,9.0116e-05,1,0,0,0,1,0,0,0
0,0,-0.1317,0,0,-0.036071,0,0,-0.0049098,0,0,9.0238e-05,1,0,0,0,1,0,0,0
0,0,-0.13206,0,0,-0.03612,0,0,-0.0049097,0,0,9.0361e-05,1,0,0,0,1,0,0,0
0,0,-0.13242,0,0,-0.036169,0,0,-0.0049096,0,0,9.0484e-05,1,0,0,0,1,0,0,0
0,0,-0.13278,0,0,-0.036218,0,0,-0.0049095,0,0,9.0606e-05,1,0,0,0,1,0,0,0
0,0,-0.13314,0,0,-0.036267,0,0,-0.0049093,0,0,9.0729e-05,1,0,0,0,1,0,0,0
0,0,-0.13351,0,0,-0.036316,0,0,-0.0049092,0,0,9.0852e-05,1,0,0,0,1,0,0,0
0,0,-0.13387,0,0,-0.036365,0,0,-0.0049091,0,0,9.0975e-05,1,0,0,0,1,0,0,0
0,0,-0.13423,0,0,-0.036414,0,0,-0.004909,0,0,9.1097e-05,1,0,0,0,1,0,0,0
0,0,-0.1346,0,0,-0.036464,0,0,-0.0049088,0,0,9.122e-05,1,0,0,0,1,0,0,0
0,0,-0.13496,0,0,-0.036513,0,0,-0.0049087,0,0,9.1343e-05,1,0,0,0,1,0,0,0
0,0,-0.13533,0,0,-0.036562,0,0,-0.0049086,0,0,9.1466e-05,1,0,0,0,1,0,0,0
0,0,-0.13569,0,0,-0.036611,0,0,-0.0049085,0,0,9.1588e-05,1,0,0,0,1,0,0,0
0,0,-0.13606,0,0,-0.03666,0,0,-0.0049084,0,0,9.1711e-05,1,0,0,0,1,0,0,0
0,0,-0.13643,0,0,-0.036709,0,0,-0.0049082,0,0,9.1834e-05,1,0,0,0,1,0,0,0
0,0,-0.13679,0,0,-0.036758,0,0,-0.0049081,0,0,9.1956e-05,1,0,0,0,1,0,0,0
0,0,-0.13716,0,0,-0.036807,0,0,-0.004908,0,0,9.2079e-05,1,0,0,0,1,0,0,0
0,0,-0.13753,0,0,-0.036856,0,0,-0.0049079,0,0,9.2202e-05,1,0,0,0,1,0,0,0
0,0,-0.1379,0,0,-0.036905,0,0,-0.0049077,0,0,9.2324e-05,1,0,0,0,1,0,0,0
0,0,-0.13827,0,0,-0.036954,0,0,-0.0049076,0,0,9.2447e-05,1,0,0,0,1,0,0,0
0,0,-0.13864,0,0,-0.037003,0,0,-0.0049075,0,0,9.257e-05,1,0,0,0,1,0,0,0
0,0,-0.13901,0,0,-0.037052,0,0,-0.0049074,0,0,9.2693e-05,1,0,0,0,1,0,0,0
0,0,-0.13938,0,0,-0.037102,0,0,-0.0049072,0,0,9.2815e-05,1,0,0,0,1,0,0,0
0,0,-0.13975,0,0,-0.037151,0,0,-0.0049071,0,0,9.2938e-05,1,0,0,0,1,0,0,0
0,0,-0.14012,0,0,-0.0372,0,0,-0.004907,0,0,9.3061e-05,1,0,0,0,1,0,0,0
0,0,-0.14049,0,0,-0.037249,0,0,-0.0049069,0,0,9.3183e-05,1,0,0,0,1,0,0,0
0,0,-0.14087,0,0,-0.037298,0,0,-0.0049068,0,0,9.3306e-05,1,0,0,0,1,0,0,0
0,0,-0.14124,0,0,-0.037347,0,0,-0.0049066,0,0,9.3429e-05,1,0,0,0,1,0,0,0
0,0,-0.14161,0,0,-0.037396,0,0,-0.0049065,0,0,9.3551e-05,1,0,0,0,1,0,0,0
0,0,-0.14199,0,0,-0.037445,0,0,-0.0049064,0,0,9.3674e-05,1,0,0,0,1,0,0,0
0,0,-0.14236,0,0,-0.037494,0,0,-0.0049063,0,0,9.3797e-05,1,0,0,0,1,0,0,0
0,0,-0.14274,0,0,-0.037543,0,0,-0.0049061,0,0,9.3919e-05,1,0,0,0,1,0,0,0
0,0,-0.14311,0,0,-0.037592,0,0,-0.004906,0,0,9.4042e-05,1,0,0,0,1,0,0,0
0,0,-0.14349,0,0,-0.037641,0,0,-0.0049059,0,0,9.4165e-05,1,0,0,0,1,0,0,0
0,0,-0.14387,0,0,-0.03769,0,0,-0.0049058,0,0,9.4287e-05,1,0,0,0,1,0,0,0
0,0,-0.14424,0,0,-0.037739,0,0,-0.0049057,0,0,9.441e-05,1,0,0,0,1,0,0,0
0,0,-0.14462,0,0,-0.037788,0,0,-0.0049055,0,0,9.4532e-05,1,0,0,0,1,0,0,0
0,0,-0.145,0,0,-0.037838,0,0,-0.0049054,0,0,9.4655e-05,1,0,0,0,1,0,0,0
0,0,-0.14538,0,0,-0.037887,0,0,-0.0049053,0,0,9.4778e-05,1,0,0,0,1,0,0,0
0,0,-0.14576,0,0,-0.037936,0,0,-0.0049052,0,0,9.49e-05,1,0,0,0,1,0,0,0
0,0,-0.14614,0,0,-0.037985,0,0,-0.004905,0,0,9.5023e-05,1,0,0,0,1,0,0,0
0,0,-0.14652,0,0,-0.038034,0,0,-0.0049049,0,0,9.5146e-05,1,0,0,0,1,0,0,0
0,0,-0.1469,0,0,-0.038083,0,0,-0.0049048,0,0,9.5268e-05,1,0,0,0,1,0,0,0
0,0,-0.14728,0,0,-0.038132,0,0,-0.0049047,0,0,9.5391e-05,1,0,0,0,1,0,0,0
0,0,-0.14766,0,0,-0.038181,0,0,-0.0049045,0,0,9.5513e-05,1,0,0,0,1,0,0,0
0,0,-0.14804,0,0,-0.03823,0,0,-0.0049044,0,0,9.5636e-05,1,0,0,0,1,0,0,0
0,0,-0.14842,0,0,-0.038279,0,0,-0.0049043,0,0,9.5759e-05,1,0,0,0,1,0,0,0
0,0,-0.14881,0,0,-0.038328,0,0,-0.0049042,0,0,9.5881e-05,1,0,0,0,1,0,0,0
0,0,-0.14919,0,0,-0.038377,0,0,-0.0049041,0,0,9.6004e-05,1,0,0,0,1,0,0,0
0,0,-0.14958,0,0,-0.038426,0,0,-0.0049039,0,0,9.6126e-05,1,0,0,0,1,0,0,0
0,0,-0.14996,0,0,-0.038475,0,0,-0.0049038,0,0,9.6249e-05,1,0,0,0,1,0,0,0
0,0,-0.15034,0,0,-0.038524,0,0,-0.0049037,0,0,9.6372e-05,1,0,0,0,1,0,0,0
0,0,-0.15073,0,0,-0.038573,0,0,-0.0049036,0,0,9.6494e-05,1,0,0,0,1,0,0,0
0,0,-0.15112,0,0,-0.038622,0,0,-0.0049034,0,0,9.6617e-05,1,0,0,0,1,0,0,0
0,0,-0.1515,0,0,-0.038671,0,0,-0.0049033,0,0,9.6739e-05,1,0,0,0,1,0,0,0
0,0,-0.15189,0,0,-0.03872,0,0,-0.0049032,0,0,9.6862e-05,1,0,0,0,1,0,0,0
0,0,-0.15228,0,0,-0.038769,0,0,-0.0049031,0,0,9.6985e-05,1,0,0,0,1,0,0,0
0,0,-0.15266,0,0,-0.038818,0,0,-0.004903,0,0,9.7107e-05,1,0,0,0,1,0,0,0
0,0,-0.15305,0,0,-0.038867,0,0,-0.0049028,0,0,9.723e-05,1,0,0,0,1,0,0,0
0,0,-0.15344,0,0,-0.038916,0,0,-0.0049027,0,0,9.7352e-05,1,0,0,0,1,0,0,0
0,0,-0.15383,0,0,-0.038965,0,0,-0.0049026,0,0,9.7475e-05,1,0,0,0,1,0,0,0
0,0,-0.15422,0,0,-0.039014,0,0,-0.0049025,0,0,9.7597e-05,1,0,0,0,1,0,0,0
0,0,-0.15461,0,0,-0.039063,0,0,-0.0049023,0,0,9.772e-05,1,0,0,0,1,0,0,0
0,0,-0.155,0,0,-0.039112,0,0,-0.0049022,0,0,9.7843e-05,1,0,0,0,1,0,0,0
0,0,-0.15539,0,0,-0.039162,0,0,-0.0049021,0,0,9.7965e-05,1,0,0,0,1,0,0,0
0,0,-0.15579,0,0,-0.039211,0,0,-0.004902,0,0,9.8088e-05,1,0,0,0,1,0,0,0
0,0,-0.15618,0,0,-0.03926,0,0,-0.0049019,0,0,9.821e-05,1,0,0,0,1,0,0,0
0,0,-0.15657,0,0,-0.039309,0,0,-0.0049017,0,0,9.8333e-05,1,0,0,0,1,0,0,0
0,0,-0.15696,0,0,-0.039358,0,0,-0.0049016,0,0,9.8455e-05,1,0,0,0,1,0,0,0
0,0,-0.15736,0,0,-0.039407,0,0,-0.0049015,0,0,9.8578e-05,1,0,0,0,1,0,0,0
0,0,-0.15775,0,0,-0.039456,0,0,-0.0049014,0,0,9.87e-05,1,0,0,0,1,0,0,0
0,0,-0.15815,0,0,-0.039505,0,0,-0.0049012,0,0,9.8823e-05,1,0,0,0,1,0,0,0
0,0,-0.15854,0,0,-0.039554,0,0,-0.0049011,0,0,9.8945e-05,1,0,0,0,1,0,0,0
0,0,-0.15894,0,0,-0.039603,0,0,-0.004901,0,0,9.9068e-05,1,0,0,0,1,0,0,0
0,0,-0.15933,0,0,-0.039652,0,0,-0.0049009,0,0,9.919e-05,1,0,0,0,1,0,0,0
0,0,-0.15973,0,0,-0.039701,0,0,-0.0049007,0,0,9.9313e-05,1,0,0,0,1,0,0,0
0,0,-0.16013,0,0,-0.03975,0,0,-0.0049006,0,0,9.9435e-05,1,0,0,0,1,0,0,0
0,0,-0.16053,0,0,-0.039799,0,0,-0.0049005,0,0,9.9558e-05,1,0,0,0,1,0,0,0
0,0,-0.16092,0,0,-0.039848,0,0,-0.0049004,0,0,9.968e-05,1,0,0,0,1,0,0,0
0,0,-0.16132,0,0,-0.039897,0,0,-0.0049003,0,0,9.9803e-05,1,0,0,0,1,0,0,0
0,0,-0.16172,0,0,-0.039946,0,0,-0.0049001,0,0,9.9925e-05,1,0,0,0,1,0,0,0
0,0,-0.16212,0,0,-0.039995,0,0,-0.0049,0,0,0.00010005,1,0,0,0,1,0,0,0
0,0,-0.16252,0,0,-0.040044,0,0,-0.0048999,0,0,0.00010017,1,0,0,0,1,0,0,0
0,0,-0.16292,0,0,-0.040093,0,0,-0.0048998,0,0,0.00010029,1,0,0,0,1,0,0,0
0,0,-0.16332,0,0,-0.040142,0,0,-0.0048996,0,0,0.00010042,1,0,0,0,1,0,0,0
0,0,-0.16373,0,0,-0.040191,0,0,-0.0048995,0,0,0.00010054,1,0,0,0,1,0,0,0
0,0,-0.16413,0,0,-0.04024,0,0,-0.0048994,0,0,0.00010066,1,0,0,0,1,0,0,0
0,0,-0.16453,0,0,-0.040289,0,0,-0.0048993,0,0,0.00010078,1,0,0,0,1,0,0,0
0,0,-0.16493,0,0,-0.040338,0,0,-0.0048992,0,0,0.00010091,1,0,0,0,1,0,0,0
0,0,-0.16534,0,0,-0.040387,0,0,-0.004899,0,0,0.00010103,1,0,0,0,1,0,0,0
0,0,-0.16574,0,0,-0.040436,0,0,-0.0048989,0,0,0.00010115,1,0,0,0,1,0,0,0
0,0,-0.16615,0,0,-0.040485,0,0,-0.0048988,0,0,0.00010127,1,0,0,0,1,0,0,0
0,0,-0.16655,0,0,-0.040534,0,0,-0.0048987,0,0,0.0001014,1,0,0,0,1,0,0,0
0,0,-0.16696,0,0,-0.040583,0,0,-0.0048985,0,0,0.00010152,1,0,0,0,1,0,0,0
0,0,-0.16736,0,0,-0.040632,0,0,-0.0048984,0,0,0.00010164,1,0,0,0,1,0,0,0
0,0,-0.16777,0,0,-0.040681,0,0,-0.0048983,0,0,0.00010176,1,0,0,0,1,0,0,0
0,0,-0.16818,0,0,-0.04073,0,0,-0.0048982,0,0,0.00010189,1,0,0,0,1,0,0,0
0,0,-0.16858,0,0,-0.040779,0,0,-0.0048981,0,0,0.00010201,1,0,0,0,1,0,0,0
0,0,-0.16899,0,0,-0.040828,0,0,-0.0048979,0,0,0.00010213,1,0,0,0,1,0,0,0
0,0,-0.1694,0,0,-0.040876,0,0,-0.0048978,0,0,0.00010225,1,0,0,0,1,0,0,0
0,0,-0.16981,0,0,-0.040925,0,0,-0.0048977,0,0,0.00010237,1,0,0,0,1,0,0,0
0,0,-0.17022,0,0,-0.040974,0,0,-0.0048976,0,0,0.0001025,1,0,0,0,1,0,0,0
0,0,-0.17063,0,0,-0.041023,0,0,-0.0048974,0,0,0.00010262,1,0,0,0,1,0,0,0
0,0,-0.17104,0,0,-0.041072,0,0,-0.0048973,0,0,0.00010274,1,0,0,0,1,0,0,0
0,0,-0.17145,0,0,-0.041121,0,0,-0.0048972,0,0,0.00010286,1,0,0,0,1,0,0,0
0,0,-0.17186,0,0,-0.04117,0,0,-0.0048971,0,0,0.00010299,1,0,0,0,1,0,0,0
0,0,-0.17227,0,0,-0.041219,0,0,-0.004897,0,0,0.00010311,1,0,0,0,1,0,0,0
0,0,-0.17269,0,0,-0.041268,0,0,-0.0048968,0,0,0.00010323,1,0,0,0,1,0,0,0
0,0,-0.1731,0,0,-0.041317,0,0,-0.0048967,0,0,0.00010335,1,0,0,0,1,0,0,0
0,0,-0.17351,0,0,-0.041366,0,0,-0.0048966,0,0,0.00010348,1,0,0,0,1,0,0,0
0,0,-0.17393,0,0,-0.041415,0,0,-0.0048965,0,0,0.0001036,1,0,0,0,1,0,0,0
0,0,-0.17434,0,0,-0.041464,0,0,-0.0048963,0,0,0.00010372,1,0,0,0,1,0,0,0
0,0,-0.17476,0,0,-0.041513,0,0,-0.0048962,0,0,0.00010384,1,0,0,0,1,0,0,0
0,0,-0.17517,0,0,-0.041562,0,0,-0.0048961,0,0,0.00010397,1,0,0,0,1,0,0,0
0,0,-0.17559,0,0,-0.041611,0,0,-0.004896,0,0,0.00010409,1,0,0,0,1,0,0,0
0,0,-0.176,0,0,-0.04166,0,0,-0.0048959,0,0,0.00010421,1,0,0,0,1,0,0,0
0,0,-0.17642,0,0,-0.041709,0,0,-0.0048957,0,0,0.00010433,1,0,0,0,1,0,0,0
0,0,-0.17684,0,0,-0.041758,0,0,-0.0048956,0,0,0.00010446,1,0,0,0,1,0,0,0
0,0,-0.17726,0,0,-0.041807,0,0,-0.0048955,0,0,0.00010458,1,0,0,0,1,0,0,0
0,0,-0.17767,0,0,-0.041856,0,0,-0.0048954,0,0,0.0001047,1,0,0,0,1,0,0,0
0,0,-0.17809,0,0,-0.041905,0,0,-0.0048952,0,0,0.00010482,1,0,0,0,1,0,0,0
0,0,-0.17851,0,0,-0.041954,0,0,-0.0048951,0,0,0.00010495,1,0,0,0,1,0,0,0
0,0,-0.17893,0,0,-0.042003,0,0,-0.004895,0,0,0.00010507,1,0,0,0,1,0,0,0
0,0,-0.17935,0,0,-0.042052,0,0,-0.0048949,0,0,0.00010519,1,0,0,0,1,0,0,0
0,0,-0.17977,0,0,-0.042101,0,0,-0.0048947,0,0,0.00010531,1,0,0,0,1,0,0,0
0,0,-0.18019,0,0,-0.04215,0,0,-0.0048946,0,0,0.00010543,1,0,0,0,1,0,0,0
0,0,-0.18062,0,0,-0.042198,0,0,-0.0048945,0,0,0.00010556,1,0,0,0,1,0,0,0
0,0,-0.18104,0,0,-0.042247,0,0,-0.0048944,0,0,0.00010568,1,0,0,0,1,0,0,0
0,0,-0.18146,0,0,-0.042296,0,0,-0.0048943,0,0,0.0001058,1,0,0,0,1,0,0,0
0,0,-0.18188,0,0,-0.042345,0,0,-0.0048941,0,0,0.00010592,1,0,0,0,1,0,0,0
0,0,-0.18231,0,0,-0.042394,0,0,-0.004894,0,0,0.00010605,1,0,0,0,1,0,0,0
0,0,-0.18273,0,0,-0.042443,0,0,-0.0048939,0,0,0.00010617,1,0,0,0,1,0,0,0
0,0,-0.18316,0,0,-0.042492,0,0,-0.0048938,0,0,0.00010629,1,0,0,0,1,0,0,0
0,0,-0.18358,0,0,-0.042541,0,0,-0.0048936,0,0,0.00010641,1,0,0,0,1,0,0,0
0,0,-0.18401,0,0,-0.04259,0,0,-0.0048935,0,0,0.00010654,1,0,0,0,1,0,0,0
0,0,-0.18443,0,0,-0.042639,0,0,-0.0048934,0,0,0.00010666,1,0,0,0,1,0,0,0
0,0,-0.18486,0,0,-0.042688,0,0,-0.0048933,0,0,0.00010678,1,0,0,0,1,0,0,0
0,0,-0.18529,0,0,-0.042737,0,0,-0.0048932,0,0,0.0001069,1,0,0,0,1,0,0,0
0,0,-0.18572,0,0,-0.042786,0,0,-0.004893,0,0,0.00010703,1,0,0,0,1,0,0,0
0,0,-0.18614,0,0,-0.042835,0,0,-0.0048929,0,0,0.00010715,1,0,0,0,1,0,0,0
0,0,-0.18657,0,0,-0.042884,0,0,-0.0048928,0,0,0.00010727,1,0,0,0,1,0,0,0
0,0,-0.187,0,0,-0.042932,0,0,-0.0048927,0,0,0.00010739,1,0,0,0,1,0,0,0
0,0,-0.18743,0,0,-0.042981,0,0,-0.0048925,0,0,0.00010751,1,0,0,0,1,0,0,0
0,0,-0.18786,0,0,-0.04303,0,0,-0.0048924,0,0,0.00010764,1,0,0,0,1,0,0,0
0,0,-0.18829,0,0,-0.043079,0,0,-0.0048923,0,0,0.00010776,1,0,0,0,1,0,0,0
0,0,-0.18872,0,0,-0.043128,0,0,-0.0048922,0,0,0.00010788,1,0,0,0,1,0,0,0
0,0,-0.18915,0,0,-0.043177,0,0,-0.0048921,0,0,0.000108,1,0,0,0,1,0,0,0
0,0,-0.18959,0,0,-0.043226,0,0,-0.0048919,0,0,0.00010813,1,0,0,0,1,0,0,0
0,0,-0.19002,0,0,-0.043275,0,0,-0.0048918,0,0,0.00010825,1,0,0,0,1,0,0,0
0,0,-0.19045,0,0,-0.043324,0,0,-0.0048917,0,0,0.00010837,1,0,0,0,1,0,0,0
0,0,-0.19088,0,0,-0.043373,0,0,-0.0048916,0,0,0.00010849,1,0,0,0,1,0,0,0
0,0,-0.19132,0,0,-0.043422,0,0,-0.0048914,0,0,0.00010862,1,0,0,0,1,0,0,0
0,0,-0.19175,0,0,-0.043471,0,0,-0.0048913,0,0,0.00010874,1,0,0,0,1,0,0,0
0,0,-0.19219,0,0,-0.04352,0,0,-0.0048912,0,0,0.00010886,1,0,0,0,1,0,0,0
0,0,-0.19262,0,0,-0.043568,0,0,-0.0048911,0,0,0.00010898,1,0,0,0,1,0,0,0
0,0,-0.19306,0,0,-0.043617,0,0,-0.004891,0,0,0.0001091,1,0,0,0,1,0,0,0
0,0,-0.1935,0,0,-0.043666,0,0,-0.0048908,0,0,0.00010923,1,0,0,0,1,0,0,0
0,0,-0.19393,0,0,-0.043715,0,0,-0.0048907,0,0,0.00010935,1,0,0,0,1,0,0,0
0,0,-0.19437,0,0,-0.043764,0,0,-0.0048906,0,0,0.00010947,1,0,0,0,1,0,0,0
0,0,-0.19481,0,0,-0.043813,0,0,-0.0048905,0,0,0.00010959,1,0,0,0,1,0,0,0
0,0,-0.19525,0,0,-0.043862,0,0,-0.0048903,0,0,0.00010972,1,0,0,0,1,0,0,0
0,0,-0.19569,0,0,-0.043911,0,0,-0.0048902,0,0,0.00010984,1,0,0,0,1,0,0,0
0,0,-0.19612,0,0,-0.04396,0,0,-0.0048901,0,0,0.00010996,1,0,0,0,1,0,0,0
0,0,-0.19656,0,0,-0.044009,0,0,-0.00489,0,0,0.00011008,1,0,0,0,1,0,0,0
0,0,-0.197,0,0,-0.044057,0,0,-0.0048899,0,0,0.0001102,1,0,0,0,1,0,0,0
0,0,-0.19745,0,0,-0.044106,0,0,-0.0048897,0,0,0.00011033,1,0,0,0,1,0,0,0
0,0,-0.19789,0,0,-0.044155,0,0,-0.0048896,0,0,0.00011045,1,0,0,0,1,0,0,0
0,0,-0.19833,0,0,-0.044204,0,0,-0.0048895,0,0,0.00011057,1,0,0,0,1,0,0,0
0,0,-0.19877,0,0,-0.044253,0,0,-0.0048894,0,0,0.00011069,1,0,0,0,1,0,0,0
0,0,-0.19921,0,0,-0.044302,0,0,-0.0048892,0,0,0.00011082,1,0,0,0,1,0,0,0
0,0,-0.19966,0,0,-0.044351,0,0,-0.0048891,0,0,0.00011094,1,0,0,0,1,0,0,0
0,0,-0.2001,0,0,-0.0444,0,0,-0.004889,0,0,0.00011106,1,0,0,0,1,0,0,0
0,0,-0.20055,0,0,-0.044449,0,0,-0.0048889,0,0,0.00011118,1,0,0,0,1,0,0,0
0,0,-0.20099,0,0,-0.044498,0,0,-0.0048888,0,0,0.0001113,1,0,0,0,1,0,0,0
0,0,-0.20143,0,0,-0.044546,0,0,-0.0048886,0,0,0.00011143,1,0,0,0,1,0,0,0
0,0,-0.20188,0,0,-0.044595,0,0,-0.0048885,0,0,0.00011155,1,0,0,0,1,0,0,0
0,0,-0.20233,0,0,-0.044644,0,0,-0.0048884,0,0,0.00011167,1,0,0,0,1,0,0,0
0,0,-0.20277,0,0,-0.044693,0,0,-0.0048883,0,0,0.00011179,1,0,0,0,1,0,0,0
0,0,-0.20322,0,0,-0.044742,0,0,-0.0048881,0,0,0.00011192,1,0,0,0,1,0,0,0
0,0,-0.20367,0,0,-0.044791,0,0,-0.004888,0,0,0.00011204,1,0,0,0,1,0,0,0
0,0,-0.20412,0,0,-0.04484,0,0,-0.0048879,0,0,0.00011216,1,0,0,0,1,0,0,0
0,0,-0.20457,0,0,-0.044889,0,0,-0.0048878,0,0,0.00011228,1,0,0,0,1,0,0,0
0,0,-0.20501,0,0,-0.044937,0,0,-0.0048877,0,0,0.0001124,1,0,0,0,1,0,0,0
0,0,-0.20546,0,0,-0.044986,0,0,-0.0048875,0,0,0.00011253,1,0,0,0,1,0,0,0
0,0,-0.20591,0,0,-0.045035,0,0,-0.0048874,0,0,0.00011265,1,0,0,0,1,0,0,0
0,0,-0.20636,0,0,-0.045084,0,0,-0.0048873,0,0,0.00011277,1,0,0,0,1,0,0,0
0,0,-0.20682,0,0,-0.045133,0,0,-0.0048872,0,0,0.00011289,1,0,0,0,1,0,0,0
0,0,-0.20727,0,0,-0.045182,0,0,-0.004887,0,0,0.00011302,1,0,0,0,1,0,0,0
0,0,-0.20772,0,0,-0.045231,0,0,-0.0048869,0,0,0.00011314,1,0,0,0,1,0,0,0
0,0,-0.20817,0,0,-0.04528,0,0,-0.0048868,0,0,0.00011326,1,0,0,0,1,0,0,0
0,0,-0.20862,0,0,-0.045328,0,0,-0.0048867,0,0,0.00011338,1,0,0,0,1,0,0,0
0,0,-0.20908,0,0,-0.045377,0,0,-0.0048866,0,0,0.0001135,1,0,0,0,1,0,0,0
0,0,-0.20953,0,0,-0.045426,0,0,-0.0048864,0,0,0.00011363,1,0,0,0,1,0,0,0
0,0,-0.20999,0,0,-0.045475,0,0,-0.0048863,0,0,0.00011375,1,0,0,0,1,0,0,0
0,0,-0.21044,0,0,-0.045524,0,0,-0.0048862,0,0,0.00011387,1,0,0,0,1,0,0,0
0,0,-0.2109,0,0,-0.045573,0,0,-0.0048861,0,0,0.00011399,1,0,0,0,1,0,0,0
0,0,-0.21135,0,0,-0.045622,0,0,-0.0048859,0,0,0.00011412,1,0,0,0,1,0,0,0
0,0,-0.21181,0,0,-0.04567,0,0,-0.0048858,0,0,0.00011424,1,0,0,0,1,0,0,0
0,0,-0.21227,0,0,-0.045719,0,0,-0.0048857,0,0,0.00011436,1,0,0,0,1,0,0,0
0,0,-0.21272,0,0,-0.045768,0,0,-0.0048856,0,0,0.00011448,1,0,0,0,1,0,0,0
0,0,-0.21318,0,0,-0.045817,0,0,-0.0048855,0,0,0.0001146,1,0,0,0,1,0,0,0
0,0,-0.21364,0,0,-0.045866,0,0,-0.0048853,0,0,0.00011473,1,0,0,0,1,0,0,0
0,0,-0.2141,0,0,-0.045915,0,0,-0.0048852,0,0,0.00011485,1,0,0,0,1,0,0,0
0,0,-0.21456,0,0,-0.045964,0,0,-0.0048851,0,0,0.00011497,1,0,0,0,1,0,0,0
0,0,-0.21502,0,0,-0.046012,0,0,-0.004885,0,0,0.00011509,1,0,0,0,1,0,0,0
0,0,-0.21548,0,0,-0.046061,0,0,-0.0048848,0,0,0.00011521,1,0,0,0,1,0,0,0
0,0,-0.21594,0,0,-0.04611,0,0,-0.0048847,0,0,0.00011534,1,0,0,0,1,0,0,0
0,0,-0.2164,0,0,-0.046159,0,0,-0.0048846,0,0,0.00011546,1,0,0,0,1,0,0,0
0,0,-0.21686,0,0,-0.046208,0,0,-0.0048845,0,0,0.00011558,1,0,0,0,1,0,0,0
0,0,-0.21733,0,0,-0.046257,0,0,-0.0048844,0,0,0.0001157,1,0,0,0,1,0,0,0
0,0,-0.21779,0,0,-0.046306,0,0,-0.0048842,0,0,0.00011582,1,0,0,0,1,0,0,0
0,0,-0.21825,0,0,-0.046354,0,0,-0.0048841,0,0,0.00011595,1,0,0,0,1,0,0,0
0,0,-0.21872,0,0,-0.046403,0,0,-0.004884,0,0,0.00011607,1,0,0,0,1,0,0,0
0,0,-0.21918,0,0,-0.046452,0,0,-0.0048839,0,0,0.00011619,1,0,0,0,1,0,0,0
0,0,-0.21964,0,0,-0.046501,0,0,-0.0048837,0,0,0.00011631,1,0,0,0,1,0,0,0
0,0,-0.22011,0,0,-0.04655,0,0,-0.0048836,0,0,0.00011644,1,0,0,0,1,0,0,0
0,0,-0.22058,0,0,-0.046599,0,0,-0.0048835,0,0,0.00011656,1,0,0,0,1,0,0,0
0,0,-0.22104,0,0,-0.046647,0,0,-0.0048834,0,0,0.00011668,1,0,0,0,1,0,0,0
0,0,-0.22151,0,0,-0.046696,0,0,-0.0048833,0,0,0.0001168,1,0,0,0,1,0,0,0
0,0,-0.22198,0,0,-0.046745,0,0,-0.0048831,0,0,0.00011692,1,0,0,0,1,0,0,0
0,0,-0.22244,0,0,-0.046794,0,0,-0.004883,0,0,0.00011705,1,0,0,0,1,0,0,0
0,0,-0.22291,0,0,-0.046843,0,0,-0.0048829,0,0,0.00011717,1,0,0,0,1,0,0,0
0,0,-0.22338,0,0,-0.046892,0,0,-0.0048828,0,0,0.00011729,1,0,0,0,1,0,0,0
0,0,-0.22385,0,0,-0.04694,0,0,-0.0048826,0,0,0.00011741,1,0,0,0,1,0,0,0
0,0,-0.22432,0,0,-0.046989,0,0,-0.0048825,0,0,0.00011753,1,0,0,0,1,0,0,0
0,0,-0.22479,0,0,-0.047038,0,0,-0.0048824,0,0,0.00011766,1,0,0,0,1,0,0,0
0,0,-0.22526,0,0,-0.047087,0,0,-0.0048823,0,0,0.00011778,1,0,0,0,1,0,0,0
0,0,-0.22573,0,0,-0.047136,0,0,-0.0048822,0,0,0.0001179,1,0,0,0,1,0,0,0
0,0,-0.2262,0,0,-0.047184,0,0,-0.004882,0,0,0.00011802,1,0,0,0,1,0,0,0
0,0,-0.22667,0,0,-0.047233,0,0,-0.0048819,0,0,0.00011814,1,0,0,0,1,0,0,0
0,0,-0.22715,0,0,-0.047282,0,0,-0.0048818,0,0,0.00011827,1,0,0,0,1,0,0,0
0,0,-0.22762,0,0,-0.047331,0,0,-0.0048817,0,0,0.00011839,1,0,0,0,1,0,0,0
0,0,-0.22809,0,0,-0.04738,0,0,-0.0048816,0,0,0.00011851,1,0,0,0,1,0,0,0
0,0,-0.22857,0,0,-0.047429,0,0,-0.0048814,0,0,0.00011863,1,0,0,0,1,0,0,0
0,0,-0.22904,0,0,-0.047477,0,0,-0.0048813,0,0,0.00011875,1,0,0,0,1,0,0,0
0,0,-0.22952,0,0,-0.047526,0,0,-0.0048812,0,0,0.00011888,1,0,0,0,1,0,0,0
0,0,-0.22999,0,0,-0.047575,0,0,-0.0048811,0,0,0.000119,1,0,0,0,1,0,0,0
0,0,-0.23047,0,0,-0.047624,0,0,-0.0048809,0,0,0.00011912,1,0,0,0,1,0,0,0
0,0,-0.23095,0,0,-0.047673,0,0,-0.0048808,0,0,0.00011924,1,0,0,0,1,0,0,0
0,0,-0.23142,0,0,-0.047721,0,0,-0.0048807,0,0,0.00011936,1,0,0,0,1,0,0,0
0,0,-0.2319,0,0,-0.04777,0,0,-0.0048806,0,0,0.00011949,1,0,0,0,1,0,0,0
0,0,-0.23238,0,0,-0.047819,0,0,-0.0048805,0,0,0.00011961,1,0,0,0,1,0,0,0
0,0,-0.23286,0,0,-0.047868,0,0,-0.0048803,0,0,0.00011973,1,0,0,0,1,0,0,0
0,0,-0.23334,0,0,-0.047917,0,0,-0.0048802,0,0,0.00011985,1,0,0,0,1,0,0,0
0,0,-0.23381,0,0,-0.047965,0,0,-0.0048801,0,0,0.00011997,1,0,0,0,1,0,0,0
0,0,-0.23429,0,0,-0.048014,0,0,-0.00488,0,0,0.0001201,1,0,0,0,1,0,0,0
0,0,-0.23477,0,0,-0.048063,0,0,-0.0048798,0,0,0.00012022,1,0,0,0,1,0,0,0
0,0,-0.23526,0,0,-0.048112,0,0,-0.0048797,0,0,0.00012034,1,0,0,0,1,0,0,0
0,0,-0.23574,0,0,-0.048161,0,0,-0.0048796,0,0,0.00012046,1,0,0,0,1,0,0,0
0,0,-0.23622,0,0,-0.048209,0,0,-0.0048795,0,0,0.00012058,1,0,0,0,1,0,0,0
0,0,-0.2367,0,0,-0.048258,0,0,-0.0048794,0,0,0.00012071,1,0,0,0,1,0,0,0
0,0,-0.23718,0,0,-0.048307,0,0,-0.0048792,0,0,0.00012083,1,0,0,0,1,0,0,0
0,0,-0.23767,0,0,-0.048356,0,0,-0.0048791,0,0,0.00012095,1,0,0,0,1,0,0,0
0,0,-0.23815,0,0,-0.048405,0,0,-0.004879,0,0,0.00012107,1,0,0,0,1,0,0,0
0,0,-0.23864,0,0,-0.048453,0,0,-0.0048789,0,0,0.00012119,1,0,0,0,1,0,0,0
0,0,-0.23912,0,0,-0.048502,0,0,-0.0048787,0,0,0.00012132,1,0,0,0,1,0,0,0
0,0,-0.23961,0,0,-0.048551,0,0,-0.0048786,0,0,0.00012144,1,0,0,0,1,0,0,0
0,0,-0.24009,0,0,-0.0486,0,0,-0.0048785,0,0,0.00012156,1,0,0,0,1,0,0,0
0,0,-0.24058,0,0,-0.048649,0,0,-0.0048784,0,0,0.00012168,1,0,0,0,1,0,0,0
0,0,-0.24106,0,0,-0.048697,0,0,-0.0048783,0,0,0.0001218,1,0,0,0,1,0,0,0
0,0,-0.24155,0,0,-0.048746,0,0,-0.0048781,0,0,0.00012193,1,0,0,0,1,0,0,0
0,0,-0.24204,0,0,-0.048795,0,0,-0.004878,0,0,0.00012205,1,0,0,0,1,0,0,0
0,0,-0.24253,0,0,-0.048844,0,0,-0.0048779,0,0,0.00012217,1,0,0,0,1,0,0,0
0,0,-0.24302,0,0,-0.048892,0,0,-0.0048778,0,0,0.00012229,1,0,0,0,1,0,0,0
0,0,-0.24351,0,0,-0.048941,0,0,-0.0048776,0,0,0.00012241,1,0,0,0,1,0,0,0
0,0,-0.24399,0,0,-0.04899,0,0,-0.0048775,0,0,0.00012254,1,0,0,0,1,0,0,0
0,0,-0.24448,0,0,-0.049039,0,0,-0.0048774,0,0,0.00012266,1,0,0,0,1,0,0,0
0,0,-0.24498,0,0,-0.049088,0,0,-0.0048773,0,0,0.00012278,1,0,0,0,1,0,0,0
0,0,-0.24547,0,0,-0.049136,0,0,-0.0048772,0,0,0.0001229,1,0,0,0,1,0,0,0
0,0,-0.24596,0,0,-0.049185,0,0,-0.004877,0,0,0.00012302,1,0,0,0,1,0,0,0
0,0,-0.24645,0,0,-0.049234,0,0,-0.0048769,0,0,0.00012315,1,0,0,0,1,0,0,0
0,0,-0.24694,0,0,-0.049283,0,0,-0.0048768,0,0,0.00012327,1,0,0,0,1,0,0,0
0,0,-0.24744,0,0,-0.049331,0,0,-0.0048767,0,0,0.00012339,1,0,0,0,1,0,0,0
